Date,Store ID,Product ID,Category,Region,Opening Inventory,Received Today,Predicted Demand,Ending Inventory,Rolling_Std_28,Safety Stock,Reorder Point,Inventory Coverage Days,Demand Trend,Stockout Risk,Overall Risk,Recommended Order Qty,Order Arrival Date,Recommendation,Stockout Quantity,Available Inventory,Days of Cover,Reorder Priority
2024-01-02,S001,P0001,Toys,East,223.0,0.0,119.17333984375,103.82666015625,87.05547705145314,143.64153713489767,501.1615566661477,0.8712238852446255,Increasing,MEDIUM,MEDIUM,398,2024-01-05,HIGH PRIORITY: Reorder stock within the lead time.,0.0,103.82666015625,0.8712238852446255,HIGH
2024-01-02,S001,P0002,Furniture,West,217.0,0.0,131.0240020751953,85.97599792480469,87.0502120502266,143.6328498828739,536.7048561084598,0.6561851001579286,Increasing,MEDIUM,MEDIUM,451,2024-01-05,HIGH PRIORITY: Reorder stock within the lead time.,0.0,85.97599792480469,0.6561851001579286,HIGH
2024-01-02,S001,P0003,Toys,East,69.0,0.0,138.4879913330078,-69.48799133300781,109.84288924395752,181.24076725252988,596.7047412515533,-0.5017618543250959,Decreasing,HIGH,STOCKOUT,667,2024-01-05,URGENT: Reorder immediately to prevent stockout.,69.48799133300781,0.0,0.0,URGENT
2024-01-02,S001,P0004,Groceries,West,338.0,0.0,126.78361511230469,211.2163848876953,106.22189015024138,175.26611874789828,555.6169640848124,1.6659596328800077,Decreasing,MEDIUM,MEDIUM,345,2024-01-05,HIGH PRIORITY: Reorder stock within the lead time.,0.0,211.2163848876953,1.6659596328800077,HIGH
2024-01-02,S001,P0005,Groceries,North,471.0,0.0,138.79837036132812,332.2016296386719,114.87713703673423,189.54727611061145,605.9423871945958,2.393411599674153,Decreasing,MEDIUM,MEDIUM,274,2024-01-05,HIGH PRIORITY: Reorder stock within the lead time.,0.0,332.2016296386719,2.393411599674153,HIGH
2024-01-02,S001,P0006,Electronics,North,305.0,0.0,133.00717163085938,171.99282836914062,97.07540161072525,160.17441265769665,559.1959275502747,1.293109433576107,Increasing,MEDIUM,MEDIUM,388,2024-01-05,HIGH PRIORITY: Reorder stock within the lead time.,0.0,171.99282836914062,1.293109433576107,HIGH
2024-01-02,S001,P0007,Clothing,East,256.0,0.0,149.47613525390625,106.52386474609375,116.37994245268816,192.02690504693544,640.4553108086542,0.7126479726355514,Stable,MEDIUM,MEDIUM,534,2024-01-05,HIGH PRIORITY: Reorder stock within the lead time.,0.0,106.52386474609375,0.7126479726355514,HIGH
2024-01-02,S001,P0008,Electronics,East,315.0,0.0,108.50043487548828,206.49956512451172,87.13770042856787,143.77720570713697,469.27851033360184,1.9032141701688494,Decreasing,MEDIUM,MEDIUM,263,2024-01-05,HIGH PRIORITY: Reorder stock within the lead time.,0.0,206.49956512451172,1.9032141701688494,HIGH
2024-01-02,S001,P0009,Electronics,South,167.0,0.0,168.395263671875,-1.395263671875,85.14739010872877,140.49319367940245,645.6789846950275,-0.00828564676613309,Increasing,HIGH,STOCKOUT,648,2024-01-05,URGENT: Reorder immediately to prevent stockout.,1.395263671875,0.0,0.0,URGENT
2024-01-02,S001,P0010,Furniture,West,167.0,0.0,131.59201049804688,35.407989501953125,98.99422114500332,163.3404648892555,558.1164963833961,0.26907400660527686,Increasing,MEDIUM,MEDIUM,523,2024-01-05,HIGH PRIORITY: Reorder stock within the lead time.,0.0,35.407989501953125,0.26907400660527686,HIGH
2024-01-02,S001,P0011,Electronics,West,449.0,0.0,121.22358703613281,327.7764129638672,105.85252294469231,174.6566628587423,538.3274239671407,2.70389963684351,Decreasing,MEDIUM,MEDIUM,211,2024-01-05,HIGH PRIORITY: Reorder stock within the lead time.,0.0,327.7764129638672,2.70389963684351,HIGH
2024-01-02,S001,P0012,Electronics,East,213.0,0.0,131.78134155273438,81.21865844726562,104.88983260605855,173.0682237999966,568.4122484581997,0.6163137929109995,Decreasing,MEDIUM,MEDIUM,488,2024-01-05,HIGH PRIORITY: Reorder stock within the lead time.,0.0,81.21865844726562,0.6163137929109995,HIGH
2024-01-02,S001,P0013,Groceries,North,356.0,0.0,139.12646484375,216.87353515625,90.53119986031416,149.37647976951837,566.7558743007684,1.558823013290937,Stable,MEDIUM,MEDIUM,350,2024-01-05,HIGH PRIORITY: Reorder stock within the lead time.,0.0,216.87353515625,1.558823013290937,HIGH
2024-01-02,S001,P0014,Groceries,South,293.0,0.0,148.073486328125,144.926513671875,109.9239937026234,181.3745896093286,625.5950485937036,0.9787472238664224,Stable,MEDIUM,MEDIUM,481,2024-01-05,HIGH PRIORITY: Reorder stock within the lead time.,0.0,144.926513671875,0.9787472238664224,HIGH
2024-01-02,S001,P0015,Electronics,East,356.0,0.0,127.42597198486328,228.57402801513672,97.88506244435588,161.5103530331872,543.788268987777,1.7937789640112665,Increasing,MEDIUM,MEDIUM,316,2024-01-05,HIGH PRIORITY: Reorder stock within the lead time.,0.0,228.57402801513672,1.7937789640112665,HIGH
2024-01-02,S001,P0016,Electronics,East,74.0,0.0,147.54196166992188,-73.54196166992188,123.54066656893306,203.84209983873953,646.4679848485051,-0.4984477692823997,Increasing,HIGH,STOCKOUT,721,2024-01-05,URGENT: Reorder immediately to prevent stockout.,73.54196166992188,0.0,0.0,URGENT
2024-01-02,S001,P0017,Toys,East,282.0,0.0,111.3311538696289,170.6688461303711,88.98619921534826,146.82722870532461,480.82069031421133,1.5329837174797258,Decreasing,MEDIUM,MEDIUM,311,2024-01-05,HIGH PRIORITY: Reorder stock within the lead time.,0.0,170.6688461303711,1.5329837174797258,HIGH
2024-01-02,S001,P0018,Electronics,East,191.0,0.0,114.97000122070312,76.02999877929688,74.08489338975542,122.24007409309644,467.1500777552058,0.6613029309562697,Increasing,MEDIUM,MEDIUM,392,2024-01-05,HIGH PRIORITY: Reorder stock within the lead time.,0.0,76.02999877929688,0.6613029309562697,HIGH
2024-01-02,S001,P0019,Clothing,West,149.0,0.0,130.1497039794922,18.850296020507812,102.53539200567097,169.1833968093571,559.6325087478336,0.14483548901100898,Increasing,MEDIUM,MEDIUM,541,2024-01-05,HIGH PRIORITY: Reorder stock within the lead time.,0.0,18.850296020507812,0.14483548901100898,HIGH
2024-01-02,S001,P0020,Electronics,South,242.0,0.0,139.75833129882812,102.24166870117188,104.95196684157636,173.17074528860098,592.4457391850854,0.7315604569044334,Increasing,MEDIUM,MEDIUM,491,2024-01-05,HIGH PRIORITY: Reorder stock within the lead time.,0.0,102.24166870117188,0.7315604569044334,HIGH
2024-01-02,S002,P0001,Clothing,East,415.0,0.0,119.33133697509766,295.66866302490234,102.78374071076297,169.5931721727589,527.5871830980518,2.4777118108263814,Decreasing,MEDIUM,MEDIUM,232,2024-01-05,HIGH PRIORITY: Reorder stock within the lead time.,0.0,295.66866302490234,2.4777118108263814,HIGH
2024-01-02,S002,P0002,Groceries,North,364.0,0.0,133.3460235595703,230.6539764404297,81.75077463510148,134.88877814791744,534.9268488266284,1.7297401923454323,Stable,MEDIUM,MEDIUM,305,2024-01-05,HIGH PRIORITY: Reorder stock within the lead time.,0.0,230.6539764404297,1.7297401923454323,HIGH
2024-01-02,S002,P0003,Clothing,South,372.0,0.0,167.694091796875,204.305908203125,103.66630301574557,171.04939997598018,674.1316753666051,1.2183250227479527,Increasing,MEDIUM,MEDIUM,470,2024-01-05,HIGH PRIORITY: Reorder stock within the lead time.,0.0,204.305908203125,1.2183250227479527,HIGH
2024-01-02,S002,P0004,Toys,West,133.0,0.0,119.64392852783203,13.356071472167969,85.90362355385564,141.74097886386178,500.67276444735785,0.11163183653787352,Increasing,MEDIUM,MEDIUM,488,2024-01-05,HIGH PRIORITY: Reorder stock within the lead time.,0.0,13.356071472167969,0.11163183653787352,HIGH
2024-01-02,S002,P0005,Toys,West,464.0,0.0,134.22503662109375,329.77496337890625,101.80318053055889,167.97524787542216,570.6503577387034,2.456881157796469,Decreasing,MEDIUM,MEDIUM,241,2024-01-05,HIGH PRIORITY: Reorder stock within the lead time.,0.0,329.77496337890625,2.456881157796469,HIGH
2024-01-02,S002,P0006,Toys,East,160.0,0.0,119.53091430664062,40.469085693359375,100.60241826540036,165.99399013791057,524.5867330578325,0.33856585075172546,Decreasing,MEDIUM,MEDIUM,485,2024-01-05,HIGH PRIORITY: Reorder stock within the lead time.,0.0,40.469085693359375,0.33856585075172546,HIGH
2024-01-02,S002,P0007,Toys,West,53.0,0.0,228.19924926757812,-175.19924926757812,138.1213857292461,227.90028645325606,912.4980342559904,-0.7677468257669239,Increasing,HIGH,STOCKOUT,1088,2024-01-05,URGENT: Reorder immediately to prevent stockout.,175.19924926757812,0.0,0.0,URGENT
2024-01-02,S002,P0008,Furniture,North,218.0,0.0,138.7901611328125,79.2098388671875,119.96491440346502,197.94210876571728,614.3125921641548,0.5707165278912618,Stable,MEDIUM,MEDIUM,536,2024-01-05,HIGH PRIORITY: Reorder stock within the lead time.,0.0,79.2098388671875,0.5707165278912618,HIGH
2024-01-02,S002,P0009,Electronics,North,62.0,0.0,161.41880798339844,-99.41880798339844,122.06247858063786,201.40308965805247,685.6595136082478,-0.6159059729497163,Stable,HIGH,STOCKOUT,786,2024-01-05,URGENT: Reorder immediately to prevent stockout.,99.41880798339844,0.0,0.0,URGENT
2024-01-02,S002,P0010,Toys,West,419.0,0.0,115.70914459228516,303.29085540771484,128.312835922342,211.7161792718643,558.8436130487198,2.6211485399567684,Decreasing,MEDIUM,MEDIUM,256,2024-01-05,HIGH PRIORITY: Reorder stock within the lead time.,0.0,303.29085540771484,2.6211485399567684,HIGH
2024-01-02,S002,P0011,Groceries,West,156.0,0.0,151.4012451171875,4.5987548828125,92.53927380181452,152.68980177299395,606.8935371245565,0.030374617324005326,Increasing,MEDIUM,MEDIUM,603,2024-01-05,HIGH PRIORITY: Reorder stock within the lead time.,0.0,4.5987548828125,0.030374617324005326,HIGH
2024-01-02,S002,P0012,Electronics,North,193.0,0.0,138.7789764404297,54.22102355957031,110.48854952763014,182.30610672058972,598.6430360418788,0.3907005581846503,Increasing,MEDIUM,MEDIUM,545,2024-01-05,HIGH PRIORITY: Reorder stock within the lead time.,0.0,54.22102355957031,0.3907005581846503,HIGH
2024-01-02,S002,P0013,Electronics,South,472.0,0.0,147.71302795410156,324.28697204589844,112.78407989272544,186.09373182299697,629.2328156853016,2.1953850417761607,Stable,MEDIUM,MEDIUM,305,2024-01-05,HIGH PRIORITY: Reorder stock within the lead time.,0.0,324.28697204589844,2.1953850417761607,HIGH
2024-01-02,S002,P0014,Clothing,West,342.0,0.0,146.85975646972656,195.14024353027344,105.08073867370575,173.38321881161448,613.9624882207942,1.328752329577091,Stable,MEDIUM,MEDIUM,419,2024-01-05,HIGH PRIORITY: Reorder stock within the lead time.,0.0,195.14024353027344,1.328752329577091,HIGH
2024-01-02,S002,P0015,Toys,South,433.0,0.0,138.86122131347656,294.13877868652344,98.40293474352055,162.36484232680888,578.9485062672386,2.1182211700594995,Increasing,MEDIUM,MEDIUM,285,2024-01-05,HIGH PRIORITY: Reorder stock within the lead time.,0.0,294.13877868652344,2.1182211700594995,HIGH
2024-01-02,S002,P0016,Toys,North,258.0,0.0,142.8487091064453,115.15129089355469,113.86576033058127,187.8785045454591,616.4246318647951,0.8061066257711046,Increasing,MEDIUM,MEDIUM,502,2024-01-05,HIGH PRIORITY: Reorder stock within the lead time.,0.0,115.15129089355469,0.8061066257711046,HIGH
2024-01-02,S002,P0017,Toys,East,236.0,0.0,136.39569091796875,99.60430908203125,122.31953557412153,201.82723369730053,611.0143064512067,0.7302599401174292,Stable,MEDIUM,MEDIUM,512,2024-01-05,HIGH PRIORITY: Reorder stock within the lead time.,0.0,99.60430908203125,0.7302599401174292,HIGH
2024-01-02,S002,P0018,Groceries,East,151.0,0.0,146.0816650390625,4.9183349609375,121.35236092736515,200.2313955301525,638.4763906473399,0.03366839335807357,Decreasing,MEDIUM,MEDIUM,634,2024-01-05,HIGH PRIORITY: Reorder stock within the lead time.,0.0,4.9183349609375,0.03366839335807357,HIGH
2024-01-02,S002,P0019,Furniture,West,409.0,0.0,117.88333129882812,291.1166687011719,106.13894756627367,175.12926348435155,528.7792573808359,2.4695320830661482,Decreasing,MEDIUM,MEDIUM,238,2024-01-05,HIGH PRIORITY: Reorder stock within the lead time.,0.0,291.1166687011719,2.4695320830661482,HIGH
2024-01-02,S002,P0020,Groceries,East,284.0,0.0,122.48259735107422,161.51740264892578,97.39889616184041,160.70817866703666,528.1559707202593,1.3186967466567137,Decreasing,MEDIUM,MEDIUM,367,2024-01-05,HIGH PRIORITY: Reorder stock within the lead time.,0.0,161.51740264892578,1.3186967466567137,HIGH
2024-01-02,S003,P0001,Clothing,West,138.0,0.0,134.08828735351562,3.911712646484375,87.2815792368245,144.0146057407604,546.2794678013073,0.029172664694951188,Increasing,MEDIUM,MEDIUM,543,2024-01-05,HIGH PRIORITY: Reorder stock within the lead time.,0.0,3.911712646484375,0.029172664694951188,HIGH
2024-01-02,S003,P0002,Groceries,South,388.0,0.0,147.0243682861328,240.9756317138672,106.09983319107813,175.0647247652789,616.1378296236774,1.639018310521765,Decreasing,MEDIUM,MEDIUM,376,2024-01-05,HIGH PRIORITY: Reorder stock within the lead time.,0.0,240.9756317138672,1.639018310521765,HIGH
2024-01-02,S003,P0003,Groceries,North,112.0,0.0,142.40882873535156,-30.408828735351562,99.91591041190163,164.8612521796377,592.0877383856923,-0.21353190673214825,Stable,HIGH,STOCKOUT,623,2024-01-05,URGENT: Reorder immediately to prevent stockout.,30.408828735351562,0.0,0.0,URGENT
2024-01-02,S003,P0004,Groceries,North,415.0,0.0,126.74581909179688,288.2541809082031,99.6111155374958,164.35834063686806,544.5957979122587,2.274269739023362,Decreasing,MEDIUM,MEDIUM,257,2024-01-05,HIGH PRIORITY: Reorder stock within the lead time.,0.0,288.2541809082031,2.274269739023362,HIGH
2024-01-02,S003,P0005,Electronics,West,411.0,0.0,128.77273559570312,282.2272644042969,95.25484475729016,157.17049384952875,543.4887006366381,2.191669401901828,Decreasing,MEDIUM,MEDIUM,262,2024-01-05,HIGH PRIORITY: Reorder stock within the lead time.,0.0,282.2272644042969,2.191669401901828,HIGH
2024-01-02,S003,P0006,Furniture,North,451.0,0.0,121.96974182128906,329.03025817871094,100.44474513580502,165.73382947407828,531.6430549379454,2.697638391830069,Decreasing,MEDIUM,MEDIUM,203,2024-01-05,HIGH PRIORITY: Reorder stock within the lead time.,0.0,329.03025817871094,2.697638391830069,HIGH
2024-01-02,S003,P0007,Electronics,North,108.0,0.0,138.5693817138672,-30.569381713867188,79.51629562448989,131.2018877804083,546.9100329220098,-0.2206070441808718,Decreasing,HIGH,STOCKOUT,578,2024-01-05,URGENT: Reorder immediately to prevent stockout.,30.569381713867188,0.0,0.0,URGENT
2024-01-02,S003,P0008,Furniture,North,103.0,0.0,137.36239624023438,-34.362396240234375,110.1871183859577,181.8087453368302,593.8959340575334,-0.25015868375022854,Increasing,HIGH,STOCKOUT,629,2024-01-05,URGENT: Reorder immediately to prevent stockout.,34.362396240234375,0.0,0.0,URGENT
2024-01-02,S003,P0009,Furniture,South,496.0,0.0,114.35111999511719,381.6488800048828,101.71577658529283,167.83103136573317,510.88439135108473,3.3375176388406103,Decreasing,MEDIUM,MEDIUM,130,2024-01-05,HIGH PRIORITY: Reorder stock within the lead time.,0.0,381.6488800048828,3.3375176388406103,HIGH
2024-01-02,S003,P0010,Furniture,East,413.0,0.0,136.51797485351562,276.4820251464844,120.3331354700919,198.54967352565163,608.1035980861985,2.0252426498646114,Stable,MEDIUM,MEDIUM,332,2024-01-05,HIGH PRIORITY: Reorder stock within the lead time.,0.0,276.4820251464844,2.0252426498646114,HIGH
2024-01-02,S003,P0011,Toys,West,137.0,0.0,126.04330444335938,10.956695556640625,114.48150886940594,188.8944896345198,567.0244029645979,0.08692802529280151,Decreasing,MEDIUM,MEDIUM,557,2024-01-05,HIGH PRIORITY: Reorder stock within the lead time.,0.0,10.956695556640625,0.08692802529280151,HIGH
2024-01-02,S003,P0012,Clothing,North,108.0,0.0,154.34783935546875,-46.34783935546875,103.35321749291391,170.53280886330793,633.5763269297142,-0.30028175029213056,Increasing,HIGH,STOCKOUT,680,2024-01-05,URGENT: Reorder immediately to prevent stockout.,46.34783935546875,0.0,0.0,URGENT
2024-01-02,S003,P0013,Groceries,West,388.0,0.0,144.61561584472656,243.38438415527344,87.22054391267737,143.91389745591766,577.7607449900974,1.6829744335258694,Increasing,MEDIUM,MEDIUM,335,2024-01-05,HIGH PRIORITY: Reorder stock within the lead time.,0.0,243.38438415527344,1.6829744335258694,HIGH
2024-01-02,S003,P0014,Electronics,West,230.0,0.0,137.55377197265625,92.44622802734375,121.26216733801697,200.082576107728,612.7438920256967,0.6720733768443715,Decreasing,MEDIUM,MEDIUM,521,2024-01-05,HIGH PRIORITY: Reorder stock within the lead time.,0.0,92.44622802734375,0.6720733768443715,HIGH
2024-01-02,S003,P0015,Clothing,East,270.0,0.0,135.67945861816406,134.32054138183594,90.29437454279238,148.98571799560742,556.0240938500996,0.9899843554052463,Stable,MEDIUM,MEDIUM,422,2024-01-05,HIGH PRIORITY: Reorder stock within the lead time.,0.0,134.32054138183594,0.9899843554052463,HIGH
2024-01-02,S003,P0016,Furniture,East,166.0,0.0,139.6988983154297,26.301101684570312,107.05690026420478,176.64388543593788,595.7405803822269,0.1882699291241681,Increasing,MEDIUM,MEDIUM,570,2024-01-05,HIGH PRIORITY: Reorder stock within the lead time.,0.0,26.301101684570312,0.1882699291241681,HIGH
2024-01-02,S003,P0017,Clothing,North,239.0,0.0,160.1254425048828,78.87455749511719,105.80327032082708,174.57539602936467,654.9517235440131,0.4925797940743365,Increasing,MEDIUM,MEDIUM,577,2024-01-05,HIGH PRIORITY: Reorder stock within the lead time.,0.0,78.87455749511719,0.4925797940743365,HIGH
2024-01-02,S003,P0018,Electronics,North,375.0,0.0,129.9190673828125,245.0809326171875,130.71395321899482,215.67802281134144,605.4352249597789,1.8864123454261357,Increasing,MEDIUM,MEDIUM,361,2024-01-05,HIGH PRIORITY: Reorder stock within the lead time.,0.0,245.0809326171875,1.8864123454261357,HIGH
2024-01-02,S003,P0019,Electronics,West,253.0,0.0,129.24603271484375,123.75396728515625,107.17726872437518,176.84249339521904,564.5805915397502,0.9575068935245025,Decreasing,MEDIUM,MEDIUM,441,2024-01-05,HIGH PRIORITY: Reorder stock within the lead time.,0.0,123.75396728515625,0.9575068935245025,HIGH
2024-01-02,S003,P0020,Groceries,West,417.0,0.0,139.110595703125,277.889404296875,85.75626837810496,141.49784282387319,558.8296299332482,1.9976149400575995,Increasing,MEDIUM,MEDIUM,281,2024-01-05,HIGH PRIORITY: Reorder stock within the lead time.,0.0,277.889404296875,1.9976149400575995,HIGH
2024-01-02,S004,P0001,Electronics,East,497.0,0.0,125.016845703125,371.983154296875,125.43566406770375,206.9688457117112,582.0193828210862,2.975464244076482,Decreasing,MEDIUM,MEDIUM,211,2024-01-05,HIGH PRIORITY: Reorder stock within the lead time.,0.0,371.983154296875,2.975464244076482,HIGH
2024-01-02,S004,P0002,Furniture,West,181.0,0.0,121.46664428710938,59.533355712890625,117.93716379146399,194.59632025591557,558.9962531172437,0.4901210209789964,Decreasing,MEDIUM,MEDIUM,500,2024-01-05,HIGH PRIORITY: Reorder stock within the lead time.,0.0,59.533355712890625,0.4901210209789964,HIGH
2024-01-02,S004,P0003,Furniture,West,419.0,0.0,134.90142822265625,284.09857177734375,108.19576124471213,178.523006053775,583.2272907217438,2.1059715639810426,Increasing,MEDIUM,MEDIUM,300,2024-01-05,HIGH PRIORITY: Reorder stock within the lead time.,0.0,284.09857177734375,2.1059715639810426,HIGH
2024-01-02,S004,P0004,Furniture,South,105.0,0.0,168.9813995361328,-63.98139953613281,94.21973501134711,155.46256276872273,662.4067613771211,-0.3786298356610063,Increasing,HIGH,STOCKOUT,727,2024-01-05,URGENT: Reorder immediately to prevent stockout.,63.98139953613281,0.0,0.0,URGENT
2024-01-02,S004,P0005,Toys,East,217.0,0.0,130.25662231445312,86.74337768554688,101.11177611851782,166.8344305955544,557.6042975389138,0.6659421697281485,Stable,MEDIUM,MEDIUM,471,2024-01-05,HIGH PRIORITY: Reorder stock within the lead time.,0.0,86.74337768554688,0.6659421697281485,HIGH
2024-01-02,S004,P0006,Toys,East,364.0,0.0,126.26931762695312,237.73068237304688,100.29202730397238,165.48184505155442,544.2897979324138,1.8827272281251441,Decreasing,MEDIUM,MEDIUM,307,2024-01-05,HIGH PRIORITY: Reorder stock within the lead time.,0.0,237.73068237304688,1.8827272281251441,HIGH
2024-01-02,S004,P0007,Electronics,South,134.0,0.0,131.77369689941406,2.2263031005859375,103.75981498802513,171.20369473024144,566.5247854284836,0.01689489748690383,Decreasing,MEDIUM,MEDIUM,565,2024-01-05,HIGH PRIORITY: Reorder stock within the lead time.,0.0,2.2263031005859375,0.01689489748690383,HIGH
2024-01-02,S004,P0008,Furniture,West,390.0,0.0,109.75897216796875,280.24102783203125,123.72212421860539,204.14150496069888,533.4184214646051,2.5532402709016506,Decreasing,MEDIUM,MEDIUM,254,2024-01-05,HIGH PRIORITY: Reorder stock within the lead time.,0.0,280.24102783203125,2.5532402709016506,HIGH
2024-01-02,S004,P0009,Clothing,East,115.0,0.0,126.70145416259766,-11.701454162597656,125.70438047196791,207.41222777874705,587.51659026654,-0.09235453720666083,Stable,HIGH,STOCKOUT,600,2024-01-05,URGENT: Reorder immediately to prevent stockout.,11.701454162597656,0.0,0.0,URGENT
2024-01-02,S004,P0010,Toys,North,382.0,0.0,135.96066284179688,246.03933715820312,105.30693360149778,173.75644044247133,581.638428967862,1.8096361992916528,Stable,MEDIUM,MEDIUM,336,2024-01-05,HIGH PRIORITY: Reorder stock within the lead time.,0.0,246.03933715820312,1.8096361992916528,HIGH
2024-01-02,S004,P0011,Groceries,East,155.0,0.0,126.14600372314453,28.85399627685547,99.84556196139238,164.74517723629742,543.183188405731,0.22873492164033973,Decreasing,MEDIUM,MEDIUM,515,2024-01-05,HIGH PRIORITY: Reorder stock within the lead time.,0.0,28.85399627685547,0.22873492164033973,HIGH
2024-01-02,S004,P0012,Clothing,East,85.0,0.0,133.745361328125,-48.745361328125,87.52913347194296,144.42307022870588,545.6591542130809,-0.36446393986356856,Stable,HIGH,STOCKOUT,595,2024-01-05,URGENT: Reorder immediately to prevent stockout.,48.745361328125,0.0,0.0,URGENT
2024-01-02,S004,P0013,Electronics,West,113.0,0.0,164.75804138183594,-51.75804138183594,114.14107000739858,188.33276551220766,682.6068896577154,-0.314145767622254,Increasing,HIGH,STOCKOUT,735,2024-01-05,URGENT: Reorder immediately to prevent stockout.,51.75804138183594,0.0,0.0,URGENT
2024-01-02,S004,P0014,Furniture,South,386.0,0.0,156.52789306640625,229.47210693359375,91.23326113051061,150.5348808653425,620.1185600645613,1.4660141552933397,Increasing,MEDIUM,MEDIUM,391,2024-01-05,HIGH PRIORITY: Reorder stock within the lead time.,0.0,229.47210693359375,1.4660141552933397,HIGH
2024-01-02,S004,P0015,Toys,North,56.0,0.0,121.94180297851562,-65.94180297851562,69.47360657531758,114.63145084927399,480.45685978482084,-0.5407645398693475,Increasing,HIGH,STOCKOUT,547,2024-01-05,URGENT: Reorder immediately to prevent stockout.,65.94180297851562,0.0,0.0,URGENT
2024-01-02,S004,P0016,Clothing,West,314.0,0.0,139.36807250976562,174.63192749023438,89.63898050177067,147.9043178279216,566.0085353572185,1.2530267825724417,Stable,MEDIUM,MEDIUM,392,2024-01-05,HIGH PRIORITY: Reorder stock within the lead time.,0.0,174.63192749023438,1.2530267825724417,HIGH
2024-01-02,S004,P0017,Electronics,North,100.0,0.0,127.00408172607422,-27.00408172607422,108.11734268081042,178.3936154233372,559.4058606015599,-0.21262373113580194,Decreasing,HIGH,STOCKOUT,587,2024-01-05,URGENT: Reorder immediately to prevent stockout.,27.00408172607422,0.0,0.0,URGENT
2024-01-02,S004,P0018,Toys,North,83.0,0.0,136.77561950683594,-53.77561950683594,86.61894290420122,142.921255791932,553.2481143124398,-0.39316670398373355,Increasing,HIGH,STOCKOUT,608,2024-01-05,URGENT: Reorder immediately to prevent stockout.,53.77561950683594,0.0,0.0,URGENT
2024-01-02,S004,P0019,Clothing,East,65.0,0.0,145.85719299316406,-80.85719299316406,83.20043370867828,137.28071561931915,574.8522945988113,-0.5543586252681664,Increasing,HIGH,STOCKOUT,656,2024-01-05,URGENT: Reorder immediately to prevent stockout.,80.85719299316406,0.0,0.0,URGENT
2024-01-02,S004,P0020,Toys,West,249.0,0.0,132.6564483642578,116.34355163574219,109.01183737480387,179.8695316684264,577.8388767611998,0.8770289953510403,Stable,MEDIUM,MEDIUM,462,2024-01-05,HIGH PRIORITY: Reorder stock within the lead time.,0.0,116.34355163574219,0.8770289953510403,HIGH
2024-01-02,S005,P0001,Toys,North,300.0,0.0,132.60125732421875,167.39874267578125,90.09186963064411,148.6515848905628,546.4553568632191,1.2624219864407498,Stable,MEDIUM,MEDIUM,380,2024-01-05,HIGH PRIORITY: Reorder stock within the lead time.,0.0,167.39874267578125,1.2624219864407498,HIGH
2024-01-02,S005,P0002,Groceries,North,253.0,0.0,177.21987915039062,75.78012084960938,134.43337879162797,221.81507500618613,753.474712457358,0.427605081398919,Stable,MEDIUM,MEDIUM,678,2024-01-05,HIGH PRIORITY: Reorder stock within the lead time.,0.0,75.78012084960938,0.427605081398919,HIGH
2024-01-02,S005,P0003,Furniture,South,98.0,0.0,137.2109832763672,-39.21098327636719,107.92557571854735,178.07719993560312,589.7101497647047,-0.2857714618762649,Decreasing,HIGH,STOCKOUT,629,2024-01-05,URGENT: Reorder immediately to prevent stockout.,39.21098327636719,0.0,0.0,URGENT
2024-01-02,S005,P0004,Toys,North,158.0,0.0,149.97537231445312,8.024627685546875,118.0719615117751,194.81873649442892,644.7448534377883,0.053506302812982194,Increasing,MEDIUM,MEDIUM,637,2024-01-05,HIGH PRIORITY: Reorder stock within the lead time.,0.0,8.024627685546875,0.053506302812982194,HIGH
2024-01-02,S005,P0005,Toys,South,372.0,0.0,124.31603240966797,247.68396759033203,116.05663642008093,191.49345009313353,564.4415473221375,1.9923734918929878,Decreasing,MEDIUM,MEDIUM,317,2024-01-05,HIGH PRIORITY: Reorder stock within the lead time.,0.0,247.68396759033203,1.9923734918929878,HIGH
2024-01-02,S005,P0006,Furniture,North,491.0,0.0,112.58106231689453,378.41893768310547,120.61230468873416,199.01030273641135,536.753489687095,3.361301891235733,Decreasing,MEDIUM,MEDIUM,159,2024-01-05,HIGH PRIORITY: Reorder stock within the lead time.,0.0,378.41893768310547,3.361301891235733,HIGH
2024-01-02,S005,P0007,Groceries,South,59.0,0.0,143.09194946289062,-84.09194946289062,98.46388965573911,162.4654179319695,591.7412663206414,-0.5876777119784714,Increasing,HIGH,STOCKOUT,676,2024-01-05,URGENT: Reorder immediately to prevent stockout.,84.09194946289062,0.0,0.0,URGENT
2024-01-02,S005,P0008,Electronics,West,409.0,0.0,106.8741226196289,302.1258773803711,119.66797098816075,197.4521521304652,518.074519989352,2.8269320016376116,Decreasing,MEDIUM,MEDIUM,216,2024-01-05,HIGH PRIORITY: Reorder stock within the lead time.,0.0,302.1258773803711,2.8269320016376116,HIGH
2024-01-02,S005,P0009,Furniture,North,319.0,0.0,141.649169921875,177.350830078125,96.30149965591832,158.89747443226523,583.8449841978902,1.2520428476632857,Stable,MEDIUM,MEDIUM,407,2024-01-05,HIGH PRIORITY: Reorder stock within the lead time.,0.0,177.350830078125,1.2520428476632857,HIGH
2024-01-02,S005,P0010,Toys,North,308.0,0.0,122.4447250366211,185.5552749633789,123.69066104451714,204.08959072345328,571.4237658333166,1.5154207329705918,Stable,MEDIUM,MEDIUM,386,2024-01-05,HIGH PRIORITY: Reorder stock within the lead time.,0.0,185.5552749633789,1.5154207329705918,HIGH
2024-01-02,S005,P0011,Groceries,North,156.0,0.0,135.5517578125,20.4482421875,96.82160544229414,159.75564897978532,566.4109224172853,0.15085191455639205,Increasing,MEDIUM,MEDIUM,546,2024-01-05,HIGH PRIORITY: Reorder stock within the lead time.,0.0,20.4482421875,0.15085191455639205,HIGH
2024-01-02,S005,P0012,Electronics,North,495.0,0.0,125.45301818847656,369.54698181152344,110.22590439638044,181.8727422540277,558.2317968194574,2.945700208314861,Stable,MEDIUM,MEDIUM,189,2024-01-05,HIGH PRIORITY: Reorder stock within the lead time.,0.0,369.54698181152344,2.945700208314861,HIGH
2024-01-02,S005,P0013,Electronics,West,389.0,0.0,119.43748474121094,269.56251525878906,112.72117588130233,185.98994020414884,544.3023944277817,2.256933958738824,Decreasing,MEDIUM,MEDIUM,275,2024-01-05,HIGH PRIORITY: Reorder stock within the lead time.,0.0,269.56251525878906,2.256933958738824,HIGH
2024-01-02,S005,P0014,Toys,West,328.0,0.0,128.04051208496094,199.95948791503906,114.04554460120852,188.17514859199406,572.2966848468768,1.5616892236603714,Stable,MEDIUM,MEDIUM,373,2024-01-05,HIGH PRIORITY: Reorder stock within the lead time.,0.0,199.95948791503906,1.5616892236603714,HIGH
2024-01-02,S005,P0015,Furniture,North,408.0,0.0,139.52139282226562,268.4786071777344,102.78013725305398,169.58722646753907,588.1514049343359,1.9242827336145187,Increasing,MEDIUM,MEDIUM,320,2024-01-05,HIGH PRIORITY: Reorder stock within the lead time.,0.0,268.4786071777344,1.9242827336145187,HIGH
2024-01-02,S005,P0016,Furniture,East,96.0,0.0,146.17169189453125,-50.17169189453125,96.57560023549718,159.34974038857032,597.8648160721641,-0.3432380869664705,Increasing,HIGH,STOCKOUT,649,2024-01-05,URGENT: Reorder immediately to prevent stockout.,50.17169189453125,0.0,0.0,URGENT
2024-01-02,S005,P0017,Toys,North,313.0,0.0,128.8952178955078,184.1047821044922,96.2129678639277,158.7513969754807,545.4370506620041,1.428329034314845,Stable,MEDIUM,MEDIUM,362,2024-01-05,HIGH PRIORITY: Reorder stock within the lead time.,0.0,184.1047821044922,1.428329034314845,HIGH
2024-01-02,S005,P0018,Clothing,West,278.0,0.0,134.80055236816406,143.19944763183594,100.06343887225644,165.1046741392231,569.5063312437153,1.0623060893751608,Increasing,MEDIUM,MEDIUM,427,2024-01-05,HIGH PRIORITY: Reorder stock within the lead time.,0.0,143.19944763183594,1.0623060893751608,HIGH
2024-01-02,S005,P0019,Toys,East,374.0,0.0,142.42918395996094,231.57081604003906,100.38631069852788,165.637412652571,592.9249645324538,1.625866340041218,Stable,MEDIUM,MEDIUM,362,2024-01-05,HIGH PRIORITY: Reorder stock within the lead time.,0.0,231.57081604003906,1.625866340041218,HIGH
2024-01-02,S005,P0020,Groceries,East,117.0,0.0,138.38661193847656,-21.386611938476562,110.69990775388919,182.65484779391716,597.8146836093468,-0.15454249250631663,Increasing,HIGH,STOCKOUT,620,2024-01-05,URGENT: Reorder immediately to prevent stockout.,21.386611938476562,0.0,0.0,URGENT
2024-01-03,S001,P0001,Toys,East,103.82666015625,0.0,119.70488739013672,-15.878227233886719,87.05547705145314,143.64153713489767,502.75619930530786,-0.13264476981743548,Increasing,HIGH,STOCKOUT,519,2024-01-06,URGENT: Reorder immediately to prevent stockout.,15.878227233886719,0.0,0.0,URGENT
2024-01-03,S001,P0002,Furniture,West,85.97599792480469,0.0,132.69837951660156,-46.722381591796875,87.0502120502266,143.6328498828739,541.7279884326786,-0.3520945904689933,Increasing,HIGH,STOCKOUT,589,2024-01-06,URGENT: Reorder immediately to prevent stockout.,46.722381591796875,0.0,0.0,URGENT
2024-01-03,S001,P0003,Toys,East,-69.48799133300781,0.0,144.6345977783203,-214.12258911132812,109.84288924395752,181.24076725252988,615.1445605874908,-1.48043823815593,Stable,HIGH,STOCKOUT,830,2024-01-06,URGENT: Reorder immediately to prevent stockout.,214.12258911132812,0.0,0.0,URGENT
2024-01-03,S001,P0004,Groceries,West,211.2163848876953,0.0,152.5686492919922,58.647735595703125,106.22189015024138,175.26611874789828,632.9720666238749,0.38440227312664127,Decreasing,MEDIUM,MEDIUM,575,2024-01-06,HIGH PRIORITY: Reorder stock within the lead time.,0.0,58.647735595703125,0.38440227312664127,HIGH
2024-01-03,S001,P0005,Groceries,North,332.2016296386719,0.0,148.88844299316406,183.3131866455078,114.87713703673423,189.54727611061145,636.2126050901036,1.2312116572669398,Stable,MEDIUM,MEDIUM,453,2024-01-06,HIGH PRIORITY: Reorder stock within the lead time.,0.0,183.3131866455078,1.2312116572669398,HIGH
2024-01-03,S001,P0006,Electronics,North,171.99282836914062,0.0,130.19554138183594,41.79728698730469,97.07540161072525,160.17441265769665,550.7610368032044,0.3210347032140072,Increasing,MEDIUM,MEDIUM,509,2024-01-06,HIGH PRIORITY: Reorder stock within the lead time.,0.0,41.79728698730469,0.3210347032140072,HIGH
2024-01-03,S001,P0007,Clothing,East,106.52386474609375,0.0,136.9749298095703,-30.451065063476562,116.37994245268816,192.02690504693544,602.9516944756464,-0.22231122954989807,Stable,HIGH,STOCKOUT,634,2024-01-06,URGENT: Reorder immediately to prevent stockout.,30.451065063476562,0.0,0.0,URGENT
2024-01-03,S001,P0008,Electronics,East,206.49956512451172,0.0,120.0410385131836,86.45852661132812,87.13770042856787,143.77720570713697,503.9003212466878,0.720241408123379,Decreasing,MEDIUM,MEDIUM,418,2024-01-06,HIGH PRIORITY: Reorder stock within the lead time.,0.0,86.45852661132812,0.720241408123379,HIGH
2024-01-03,S001,P0009,Electronics,South,-1.395263671875,0.0,170.29869079589844,-171.69395446777344,85.14739010872877,140.49319367940245,651.3892660670978,-1.0081930381575699,Increasing,HIGH,STOCKOUT,824,2024-01-06,URGENT: Reorder immediately to prevent stockout.,171.69395446777344,0.0,0.0,URGENT
2024-01-03,S001,P0010,Furniture,West,35.407989501953125,0.0,126.73435974121094,-91.32637023925781,98.99422114500332,163.3404648892555,543.5435441128883,-0.7206125507379724,Increasing,HIGH,STOCKOUT,635,2024-01-06,URGENT: Reorder immediately to prevent stockout.,91.32637023925781,0.0,0.0,URGENT
2024-01-03,S001,P0011,Electronics,West,327.7764129638672,0.0,114.53036499023438,213.2460479736328,105.85252294469231,174.6566628587423,518.2477578294454,1.861917125574651,Decreasing,MEDIUM,MEDIUM,306,2024-01-06,HIGH PRIORITY: Reorder stock within the lead time.,0.0,213.2460479736328,1.861917125574651,HIGH
2024-01-03,S001,P0012,Electronics,East,81.21865844726562,0.0,145.7047882080078,-64.48612976074219,104.88983260605855,173.0682237999966,610.18258842402,-0.4425807178600194,Stable,HIGH,STOCKOUT,675,2024-01-06,URGENT: Reorder immediately to prevent stockout.,64.48612976074219,0.0,0.0,URGENT
2024-01-03,S001,P0013,Groceries,North,216.87353515625,0.0,140.03553771972656,76.83799743652344,90.53119986031416,149.37647976951837,569.483092928698,0.5487035554525486,Decreasing,MEDIUM,MEDIUM,493,2024-01-06,HIGH PRIORITY: Reorder stock within the lead time.,0.0,76.83799743652344,0.5487035554525486,HIGH
2024-01-03,S001,P0014,Groceries,South,144.926513671875,0.0,160.3346405029297,-15.408126831054688,109.9239937026234,181.3745896093286,662.3785111181177,-0.09609979966102924,Increasing,HIGH,STOCKOUT,678,2024-01-06,URGENT: Reorder immediately to prevent stockout.,15.408126831054688,0.0,0.0,URGENT
2024-01-03,S001,P0015,Electronics,East,228.57402801513672,0.0,128.1332550048828,100.4407730102539,97.88506244435588,161.5103530331872,545.9101180478356,0.7838774797879472,Increasing,MEDIUM,MEDIUM,446,2024-01-06,HIGH PRIORITY: Reorder stock within the lead time.,0.0,100.4407730102539,0.7838774797879472,HIGH
2024-01-03,S001,P0016,Electronics,East,-73.54196166992188,0.0,139.6854705810547,-213.22743225097656,123.54066656893306,203.84209983873953,622.8985115819036,-1.5264825422716244,Increasing,HIGH,STOCKOUT,837,2024-01-06,URGENT: Reorder immediately to prevent stockout.,213.22743225097656,0.0,0.0,URGENT
2024-01-03,S001,P0017,Toys,East,170.6688461303711,0.0,125.10186767578125,45.566978454589844,88.98619921534826,146.82722870532461,522.1328317326684,0.36423899419857547,Stable,MEDIUM,MEDIUM,477,2024-01-06,HIGH PRIORITY: Reorder stock within the lead time.,0.0,45.566978454589844,0.36423899419857547,HIGH
2024-01-03,S001,P0018,Electronics,East,76.02999877929688,0.0,117.06123352050781,-41.03123474121094,74.08489338975542,122.24007409309644,473.4237746546199,-0.3505108694589548,Increasing,HIGH,STOCKOUT,515,2024-01-06,URGENT: Reorder immediately to prevent stockout.,41.03123474121094,0.0,0.0,URGENT
2024-01-03,S001,P0019,Clothing,West,18.850296020507812,0.0,131.7129669189453,-112.8626708984375,102.53539200567097,169.1833968093571,564.322297566193,-0.8568835213308339,Increasing,HIGH,STOCKOUT,678,2024-01-06,URGENT: Reorder immediately to prevent stockout.,112.8626708984375,0.0,0.0,URGENT
2024-01-03,S001,P0020,Electronics,South,102.24166870117188,0.0,121.9033203125,-19.661651611328125,104.95196684157636,173.17074528860098,538.880706226101,-0.16128889320590567,Increasing,HIGH,STOCKOUT,559,2024-01-06,URGENT: Reorder immediately to prevent stockout.,19.661651611328125,0.0,0.0,URGENT
2024-01-03,S002,P0001,Clothing,East,295.66866302490234,0.0,139.00682067871094,156.6618423461914,102.78374071076297,169.5931721727589,586.6136342088917,1.1270083121193517,Decreasing,MEDIUM,MEDIUM,430,2024-01-06,HIGH PRIORITY: Reorder stock within the lead time.,0.0,156.6618423461914,1.1270083121193517,HIGH
2024-01-03,S002,P0002,Groceries,North,230.6539764404297,0.0,150.6832733154297,79.970703125,81.75077463510148,134.88877814791744,586.9385980942066,0.5307205064333518,Increasing,MEDIUM,MEDIUM,507,2024-01-06,HIGH PRIORITY: Reorder stock within the lead time.,0.0,79.970703125,0.5307205064333518,HIGH
2024-01-03,S002,P0003,Clothing,South,204.305908203125,0.0,125.57101440429688,78.73489379882812,103.66630301574557,171.04939997598018,547.7624431888707,0.6270148741916504,Increasing,MEDIUM,MEDIUM,470,2024-01-06,HIGH PRIORITY: Reorder stock within the lead time.,0.0,78.73489379882812,0.6270148741916504,HIGH
2024-01-03,S002,P0004,Toys,West,13.356071472167969,0.0,125.56993865966797,-112.2138671875,85.90362355385564,141.74097886386178,518.4507948428657,-0.8936363940706628,Stable,HIGH,STOCKOUT,631,2024-01-06,URGENT: Reorder immediately to prevent stockout.,112.2138671875,0.0,0.0,URGENT
2024-01-03,S002,P0005,Toys,West,329.77496337890625,0.0,133.544189453125,196.23077392578125,101.80318053055889,167.97524787542216,568.6078162347972,1.4694070534207684,Decreasing,MEDIUM,MEDIUM,373,2024-01-06,HIGH PRIORITY: Reorder stock within the lead time.,0.0,196.23077392578125,1.4694070534207684,HIGH
2024-01-03,S002,P0006,Toys,East,40.469085693359375,0.0,130.3549041748047,-89.88581848144531,100.60241826540036,165.99399013791057,557.0587026623247,-0.68954688778651,Decreasing,HIGH,STOCKOUT,647,2024-01-06,URGENT: Reorder immediately to prevent stockout.,89.88581848144531,0.0,0.0,URGENT
2024-01-03,S002,P0007,Toys,West,-175.19924926757812,0.0,181.4069366455078,-356.60618591308594,138.1213857292461,227.90028645325606,772.1210963897795,-1.9657803196905292,Increasing,HIGH,STOCKOUT,1129,2024-01-06,URGENT: Reorder immediately to prevent stockout.,356.60618591308594,0.0,0.0,URGENT
2024-01-03,S002,P0008,Furniture,North,79.2098388671875,0.0,129.0802459716797,-49.87040710449219,119.96491440346502,197.94210876571728,585.1828466807564,-0.38635196833629987,Increasing,HIGH,STOCKOUT,636,2024-01-06,URGENT: Reorder immediately to prevent stockout.,49.87040710449219,0.0,0.0,URGENT
2024-01-03,S002,P0009,Electronics,North,-99.41880798339844,0.0,145.8356170654297,-245.25442504882812,122.06247858063786,201.40308965805247,638.9099408543416,-1.6817182934042363,Increasing,HIGH,STOCKOUT,885,2024-01-06,URGENT: Reorder immediately to prevent stockout.,245.25442504882812,0.0,0.0,URGENT
2024-01-03,S002,P0010,Toys,West,303.29085540771484,0.0,127.39701080322266,175.8938446044922,128.312835922342,211.7161792718643,593.9072116815323,1.3806748172151206,Decreasing,MEDIUM,MEDIUM,419,2024-01-06,HIGH PRIORITY: Reorder stock within the lead time.,0.0,175.8938446044922,1.3806748172151206,HIGH
2024-01-03,S002,P0011,Groceries,West,4.5987548828125,0.0,169.02346801757812,-164.42471313476562,92.53927380181452,152.68980177299395,659.7602058257283,-0.9727922108287694,Increasing,HIGH,STOCKOUT,825,2024-01-06,URGENT: Reorder immediately to prevent stockout.,164.42471313476562,0.0,0.0,URGENT
2024-01-03,S002,P0012,Electronics,North,54.22102355957031,0.0,132.94857788085938,-78.72755432128906,110.48854952763014,182.30610672058972,581.1518403631678,-0.5921654490493311,Increasing,HIGH,STOCKOUT,660,2024-01-06,URGENT: Reorder immediately to prevent stockout.,78.72755432128906,0.0,0.0,URGENT
2024-01-03,S002,P0013,Electronics,South,324.28697204589844,0.0,121.61564636230469,202.67132568359375,112.78407989272544,186.09373182299697,550.940670909911,1.6664905523736346,Stable,MEDIUM,MEDIUM,349,2024-01-06,HIGH PRIORITY: Reorder stock within the lead time.,0.0,202.67132568359375,1.6664905523736346,HIGH
2024-01-03,S002,P0014,Clothing,West,195.14024353027344,0.0,135.94590759277344,59.1943359375,105.08073867370575,173.38321881161448,581.2209415899348,0.4354256555836671,Stable,MEDIUM,MEDIUM,523,2024-01-06,HIGH PRIORITY: Reorder stock within the lead time.,0.0,59.1943359375,0.4354256555836671,HIGH
2024-01-03,S002,P0015,Toys,South,294.13877868652344,0.0,165.3770294189453,128.76174926757812,98.40293474352055,162.36484232680888,658.4959305836448,0.7785951272675805,Increasing,MEDIUM,MEDIUM,530,2024-01-06,HIGH PRIORITY: Reorder stock within the lead time.,0.0,128.76174926757812,0.7785951272675805,HIGH
2024-01-03,S002,P0016,Toys,North,115.15129089355469,0.0,144.31045532226562,-29.159164428710938,113.86576033058127,187.8785045454591,620.809870512256,-0.20205857131830404,Stable,HIGH,STOCKOUT,650,2024-01-06,URGENT: Reorder immediately to prevent stockout.,29.159164428710938,0.0,0.0,URGENT
2024-01-03,S002,P0017,Toys,East,99.60430908203125,0.0,131.48948669433594,-31.885177612304688,122.31953557412153,201.82723369730053,596.2956937803083,-0.2424922205866226,Stable,HIGH,STOCKOUT,629,2024-01-06,URGENT: Reorder immediately to prevent stockout.,31.885177612304688,0.0,0.0,URGENT
2024-01-03,S002,P0018,Groceries,East,4.9183349609375,0.0,152.3905792236328,-147.4722442626953,121.35236092736515,200.2313955301525,657.4031332010509,-0.9677254657998258,Increasing,HIGH,STOCKOUT,805,2024-01-06,URGENT: Reorder immediately to prevent stockout.,147.4722442626953,0.0,0.0,URGENT
2024-01-03,S002,P0019,Furniture,West,291.1166687011719,0.0,128.31588745117188,162.80078125,106.13894756627367,175.12926348435155,560.0769258378672,1.2687499925677612,Decreasing,MEDIUM,MEDIUM,398,2024-01-06,HIGH PRIORITY: Reorder stock within the lead time.,0.0,162.80078125,1.2687499925677612,HIGH
2024-01-03,S002,P0020,Groceries,East,161.51740264892578,0.0,144.38609313964844,17.131309509277344,97.39889616184041,160.70817866703666,593.866458085982,0.11864930435307335,Decreasing,MEDIUM,MEDIUM,577,2024-01-06,HIGH PRIORITY: Reorder stock within the lead time.,0.0,17.131309509277344,0.11864930435307335,HIGH
2024-01-03,S003,P0001,Clothing,West,3.911712646484375,0.0,127.07469177246094,-123.16297912597656,87.2815792368245,144.0146057407604,525.2386810581432,-0.969217217119136,Increasing,HIGH,STOCKOUT,649,2024-01-06,URGENT: Reorder immediately to prevent stockout.,123.16297912597656,0.0,0.0,URGENT
2024-01-03,S003,P0002,Groceries,South,240.9756317138672,0.0,176.24913024902344,64.72650146484375,106.09983319107813,175.0647247652789,703.8121155123492,0.36724437376451896,Decreasing,MEDIUM,MEDIUM,640,2024-01-06,HIGH PRIORITY: Reorder stock within the lead time.,0.0,64.72650146484375,0.36724437376451896,HIGH
2024-01-03,S003,P0003,Groceries,North,-30.408828735351562,0.0,147.18032836914062,-177.5891571044922,99.91591041190163,164.8612521796377,606.4022372870595,-1.2066093279740733,Increasing,HIGH,STOCKOUT,784,2024-01-06,URGENT: Reorder immediately to prevent stockout.,177.5891571044922,0.0,0.0,URGENT
2024-01-03,S003,P0004,Groceries,North,288.2541809082031,0.0,140.317138671875,147.93704223632812,99.6111155374958,164.35834063686806,585.3097566524931,1.0543048670787958,Stable,MEDIUM,MEDIUM,438,2024-01-06,HIGH PRIORITY: Reorder stock within the lead time.,0.0,147.93704223632812,1.0543048670787958,HIGH
2024-01-03,S003,P0005,Electronics,West,282.2272644042969,0.0,128.80340576171875,153.42385864257812,95.25484475729016,157.17049384952875,543.580711134685,1.1911475301080645,Decreasing,MEDIUM,MEDIUM,391,2024-01-06,HIGH PRIORITY: Reorder stock within the lead time.,0.0,153.42385864257812,1.1911475301080645,HIGH
2024-01-03,S003,P0006,Furniture,North,329.03025817871094,0.0,123.2783203125,205.75193786621094,100.44474513580502,165.73382947407828,535.5687904115782,1.6690034171835515,Decreasing,MEDIUM,MEDIUM,330,2024-01-06,HIGH PRIORITY: Reorder stock within the lead time.,0.0,205.75193786621094,1.6690034171835515,HIGH
2024-01-03,S003,P0007,Electronics,North,-30.569381713867188,0.0,132.6891326904297,-163.25851440429688,79.51629562448989,131.2018877804083,529.2692858516973,-1.2303834616598712,Stable,HIGH,STOCKOUT,693,2024-01-06,URGENT: Reorder immediately to prevent stockout.,163.25851440429688,0.0,0.0,URGENT
2024-01-03,S003,P0008,Furniture,North,-34.362396240234375,0.0,136.31210327148438,-170.67449951171875,110.1871183859577,181.8087453368302,590.7450551512834,-1.2520861714810234,Increasing,HIGH,STOCKOUT,762,2024-01-06,URGENT: Reorder immediately to prevent stockout.,170.67449951171875,0.0,0.0,URGENT
2024-01-03,S003,P0009,Furniture,South,381.6488800048828,0.0,113.20257568359375,268.44630432128906,101.71577658529283,167.83103136573317,507.4387584165144,2.371379826830164,Decreasing,MEDIUM,MEDIUM,239,2024-01-06,HIGH PRIORITY: Reorder stock within the lead time.,0.0,268.44630432128906,2.371379826830164,HIGH
2024-01-03,S003,P0010,Furniture,East,276.4820251464844,0.0,139.34335327148438,137.138671875,120.3331354700919,198.54967352565163,616.5797333401048,0.9841780655860278,Decreasing,MEDIUM,MEDIUM,480,2024-01-06,HIGH PRIORITY: Reorder stock within the lead time.,0.0,137.138671875,0.9841780655860278,HIGH
2024-01-03,S003,P0011,Toys,West,10.956695556640625,0.0,133.28701782226562,-122.330322265625,114.48150886940594,188.8944896345198,588.7555431013167,-0.9177962285025308,Stable,HIGH,STOCKOUT,712,2024-01-06,URGENT: Reorder immediately to prevent stockout.,122.330322265625,0.0,0.0,URGENT
2024-01-03,S003,P0012,Clothing,North,-46.34783935546875,0.0,152.5662384033203,-198.91407775878906,103.35321749291391,170.53280886330793,628.2315240732689,-1.303788307560843,Increasing,HIGH,STOCKOUT,828,2024-01-06,URGENT: Reorder immediately to prevent stockout.,198.91407775878906,0.0,0.0,URGENT
2024-01-03,S003,P0013,Groceries,West,243.38438415527344,0.0,141.0916290283203,102.29275512695312,87.22054391267737,143.91389745591766,567.1887845408786,0.7250093845498136,Stable,MEDIUM,MEDIUM,465,2024-01-06,HIGH PRIORITY: Reorder stock within the lead time.,0.0,102.29275512695312,0.7250093845498136,HIGH
2024-01-03,S003,P0014,Electronics,West,92.44622802734375,0.0,155.15713500976562,-62.710906982421875,121.26216733801697,200.082576107728,665.5539811370248,-0.40417675267382863,Increasing,HIGH,STOCKOUT,729,2024-01-06,URGENT: Reorder immediately to prevent stockout.,62.710906982421875,0.0,0.0,URGENT
2024-01-03,S003,P0015,Clothing,East,134.32054138183594,0.0,136.58717346191406,-2.266632080078125,90.29437454279238,148.98571799560742,558.7472383813496,-0.016594765252318164,Decreasing,HIGH,STOCKOUT,562,2024-01-06,URGENT: Reorder immediately to prevent stockout.,2.266632080078125,0.0,0.0,URGENT
2024-01-03,S003,P0016,Furniture,East,26.301101684570312,0.0,138.8124237060547,-112.51132202148438,107.05690026420478,176.64388543593788,593.0811565541019,-0.8105277540556111,Stable,HIGH,STOCKOUT,706,2024-01-06,URGENT: Reorder immediately to prevent stockout.,112.51132202148438,0.0,0.0,URGENT
2024-01-03,S003,P0017,Clothing,North,78.87455749511719,0.0,127.1250991821289,-48.25054168701172,105.80327032082708,174.57539602936467,555.9506935757514,-0.37955165421648474,Increasing,HIGH,STOCKOUT,605,2024-01-06,URGENT: Reorder immediately to prevent stockout.,48.25054168701172,0.0,0.0,URGENT
2024-01-03,S003,P0018,Electronics,North,245.0809326171875,0.0,113.80960083007812,131.27133178710938,130.71395321899482,215.67802281134144,557.1068253015758,1.1534293313540591,Increasing,MEDIUM,MEDIUM,426,2024-01-06,HIGH PRIORITY: Reorder stock within the lead time.,0.0,131.27133178710938,1.1534293313540591,HIGH
2024-01-03,S003,P0019,Electronics,West,123.75396728515625,0.0,137.03414916992188,-13.280181884765625,107.17726872437518,176.84249339521904,587.9449409049846,-0.09691147765144471,Stable,HIGH,STOCKOUT,602,2024-01-06,URGENT: Reorder immediately to prevent stockout.,13.280181884765625,0.0,0.0,URGENT
2024-01-03,S003,P0020,Groceries,West,277.889404296875,0.0,140.75381469726562,137.13558959960938,85.75626837810496,141.49784282387319,563.75928691567,0.9742939464522624,Increasing,MEDIUM,MEDIUM,427,2024-01-06,HIGH PRIORITY: Reorder stock within the lead time.,0.0,137.13558959960938,0.9742939464522624,HIGH
2024-01-03,S004,P0001,Electronics,East,371.983154296875,0.0,146.74269104003906,225.24046325683594,125.43566406770375,206.9688457117112,647.1969188318284,1.5349348009120167,Stable,MEDIUM,MEDIUM,422,2024-01-06,HIGH PRIORITY: Reorder stock within the lead time.,0.0,225.24046325683594,1.5349348009120167,HIGH
2024-01-03,S004,P0002,Furniture,West,59.533355712890625,0.0,126.95132446289062,-67.41796875,117.93716379146399,194.59632025591557,575.4502936445874,-0.5310536856171758,Decreasing,HIGH,STOCKOUT,643,2024-01-06,URGENT: Reorder immediately to prevent stockout.,67.41796875,0.0,0.0,URGENT
2024-01-03,S004,P0003,Furniture,West,284.09857177734375,0.0,114.64292907714844,169.4556427001953,108.19576124471213,178.523006053775,522.4517932852203,1.4781168281749058,Decreasing,MEDIUM,MEDIUM,353,2024-01-06,HIGH PRIORITY: Reorder stock within the lead time.,0.0,169.4556427001953,1.4781168281749058,HIGH
2024-01-03,S004,P0004,Furniture,South,-63.98139953613281,0.0,164.9040985107422,-228.885498046875,94.21973501134711,155.46256276872273,650.1748583009493,-1.3879915666981735,Increasing,HIGH,STOCKOUT,880,2024-01-06,URGENT: Reorder immediately to prevent stockout.,228.885498046875,0.0,0.0,URGENT
2024-01-03,S004,P0005,Toys,East,86.74337768554688,0.0,139.24578857421875,-52.502410888671875,101.11177611851782,166.8344305955544,584.5717963182107,-0.37704846535224157,Stable,HIGH,STOCKOUT,638,2024-01-06,URGENT: Reorder immediately to prevent stockout.,52.502410888671875,0.0,0.0,URGENT
2024-01-03,S004,P0006,Toys,East,237.73068237304688,0.0,122.9415054321289,114.78917694091797,100.29202730397238,165.48184505155442,534.3063613479411,0.9336893715222032,Decreasing,MEDIUM,MEDIUM,420,2024-01-06,HIGH PRIORITY: Reorder stock within the lead time.,0.0,114.78917694091797,0.9336893715222032,HIGH
2024-01-03,S004,P0007,Electronics,South,2.2263031005859375,0.0,125.4717025756836,-123.24539947509766,103.75981498802513,171.20369473024144,547.6188024572922,-0.9822565323105977,Decreasing,HIGH,STOCKOUT,671,2024-01-06,URGENT: Reorder immediately to prevent stockout.,123.24539947509766,0.0,0.0,URGENT
2024-01-03,S004,P0008,Furniture,West,280.24102783203125,0.0,118.6758041381836,161.56522369384766,123.72212421860539,204.14150496069888,560.1689173752496,1.3613998646743908,Decreasing,MEDIUM,MEDIUM,399,2024-01-06,HIGH PRIORITY: Reorder stock within the lead time.,0.0,161.56522369384766,1.3613998646743908,HIGH
2024-01-03,S004,P0009,Clothing,East,-11.701454162597656,0.0,116.41230773925781,-128.11376190185547,125.70438047196791,207.41222777874705,556.6491509965205,-1.1005173283636536,Stable,HIGH,STOCKOUT,685,2024-01-06,URGENT: Reorder immediately to prevent stockout.,128.11376190185547,0.0,0.0,URGENT
2024-01-03,S004,P0010,Toys,North,246.03933715820312,0.0,134.34677124023438,111.69256591796875,105.30693360149778,173.75644044247133,576.7967541631745,0.8313751412621883,Stable,MEDIUM,MEDIUM,466,2024-01-06,HIGH PRIORITY: Reorder stock within the lead time.,0.0,111.69256591796875,0.8313751412621883,HIGH
2024-01-03,S004,P0011,Groceries,East,28.85399627685547,0.0,134.10366821289062,-105.24967193603516,99.84556196139238,164.74517723629742,567.0561818749693,-0.7848381281334562,Decreasing,HIGH,STOCKOUT,673,2024-01-06,URGENT: Reorder immediately to prevent stockout.,105.24967193603516,0.0,0.0,URGENT
2024-01-03,S004,P0012,Clothing,East,-48.745361328125,0.0,141.51223754882812,-190.25759887695312,87.52913347194296,144.42307022870588,568.9597828751903,-1.3444603955986891,Stable,HIGH,STOCKOUT,760,2024-01-06,URGENT: Reorder immediately to prevent stockout.,190.25759887695312,0.0,0.0,URGENT
2024-01-03,S004,P0013,Electronics,West,-51.75804138183594,0.0,117.84609985351562,-169.60414123535156,114.14107000739858,188.33276551220766,541.8710650727545,-1.4392002912796598,Increasing,HIGH,STOCKOUT,712,2024-01-06,URGENT: Reorder immediately to prevent stockout.,169.60414123535156,0.0,0.0,URGENT
2024-01-03,S004,P0014,Furniture,South,229.47210693359375,0.0,154.6775665283203,74.79454040527344,91.23326113051061,150.5348808653425,614.5675804503035,0.4835513131219265,Stable,MEDIUM,MEDIUM,540,2024-01-06,HIGH PRIORITY: Reorder stock within the lead time.,0.0,74.79454040527344,0.4835513131219265,HIGH
2024-01-03,S004,P0015,Toys,North,-65.94180297851562,0.0,146.1132049560547,-212.0550079345703,69.47360657531758,114.63145084927399,552.971065717438,-1.4513062525618299,Increasing,HIGH,STOCKOUT,766,2024-01-06,URGENT: Reorder immediately to prevent stockout.,212.0550079345703,0.0,0.0,URGENT
2024-01-03,S004,P0016,Clothing,West,174.63192749023438,0.0,144.73516845703125,29.896759033203125,89.63898050177067,147.9043178279216,582.1098231990154,0.20656181460194886,Stable,MEDIUM,MEDIUM,553,2024-01-06,HIGH PRIORITY: Reorder stock within the lead time.,0.0,29.896759033203125,0.20656181460194886,HIGH
2024-01-03,S004,P0017,Electronics,North,-27.00408172607422,0.0,126.2253189086914,-153.22940063476562,108.11734268081042,178.3936154233372,557.0695721494114,-1.2139355397121903,Decreasing,HIGH,STOCKOUT,711,2024-01-06,URGENT: Reorder immediately to prevent stockout.,153.22940063476562,0.0,0.0,URGENT
2024-01-03,S004,P0018,Toys,North,-53.77561950683594,0.0,122.4140625,-176.18968200683594,86.61894290420122,142.921255791932,510.163443291932,-1.439292826400855,Increasing,HIGH,STOCKOUT,687,2024-01-06,URGENT: Reorder immediately to prevent stockout.,176.18968200683594,0.0,0.0,URGENT
2024-01-03,S004,P0019,Clothing,East,-80.85719299316406,0.0,145.5623321533203,-226.41952514648438,83.20043370867828,137.28071561931915,573.9677120792801,-1.5554815713449648,Increasing,HIGH,STOCKOUT,801,2024-01-06,URGENT: Reorder immediately to prevent stockout.,226.41952514648438,0.0,0.0,URGENT
2024-01-03,S004,P0020,Toys,West,116.34355163574219,0.0,147.14419555664062,-30.800643920898438,109.01183737480387,179.8695316684264,621.3021183383482,-0.20932286050687102,Increasing,HIGH,STOCKOUT,653,2024-01-06,URGENT: Reorder immediately to prevent stockout.,30.800643920898438,0.0,0.0,URGENT
2024-01-03,S005,P0001,Toys,North,167.39874267578125,0.0,133.02349853515625,34.375244140625,90.09186963064411,148.6515848905628,547.7220804960316,0.2584148253441109,Stable,MEDIUM,MEDIUM,514,2024-01-06,HIGH PRIORITY: Reorder stock within the lead time.,0.0,34.375244140625,0.2584148253441109,HIGH
2024-01-03,S005,P0002,Groceries,North,75.78012084960938,0.0,119.15111541748047,-43.370994567871094,134.43337879162797,221.81507500618613,579.2684212586275,-0.36399990395312914,Decreasing,HIGH,STOCKOUT,623,2024-01-06,URGENT: Reorder immediately to prevent stockout.,43.370994567871094,0.0,0.0,URGENT
2024-01-03,S005,P0003,Furniture,South,-39.21098327636719,0.0,135.00015258789062,-174.2111358642578,107.92557571854735,178.07719993560312,583.077657699275,-1.2904513996814873,Stable,HIGH,STOCKOUT,758,2024-01-06,URGENT: Reorder immediately to prevent stockout.,174.2111358642578,0.0,0.0,URGENT
2024-01-03,S005,P0004,Toys,North,8.024627685546875,0.0,158.80775451660156,-150.7831268310547,118.0719615117751,194.81873649442892,671.2420000442336,-0.9494695475672884,Increasing,HIGH,STOCKOUT,823,2024-01-06,URGENT: Reorder immediately to prevent stockout.,150.7831268310547,0.0,0.0,URGENT
2024-01-03,S005,P0005,Toys,South,247.68396759033203,0.0,107.72232055664062,139.9616470336914,116.05663642008093,191.49345009313353,514.6604117630554,1.299281767329727,Decreasing,MEDIUM,MEDIUM,375,2024-01-06,HIGH PRIORITY: Reorder stock within the lead time.,0.0,139.9616470336914,1.299281767329727,HIGH
2024-01-03,S005,P0006,Furniture,North,378.41893768310547,0.0,138.93934631347656,239.4795913696289,120.61230468873416,199.01030273641135,615.8283416768411,1.7236268754950976,Stable,MEDIUM,MEDIUM,377,2024-01-06,HIGH PRIORITY: Reorder stock within the lead time.,0.0,239.4795913696289,1.7236268754950976,HIGH
2024-01-03,S005,P0007,Groceries,South,-84.09194946289062,0.0,159.33670043945312,-243.42864990234375,98.46388965573911,162.4654179319695,640.475519250329,-1.5277625884743673,Increasing,HIGH,STOCKOUT,884,2024-01-06,URGENT: Reorder immediately to prevent stockout.,243.42864990234375,0.0,0.0,URGENT
2024-01-03,S005,P0008,Electronics,West,302.1258773803711,0.0,117.49748229980469,184.6283950805664,119.66797098816075,197.4521521304652,549.9445990298793,1.5713391595019164,Decreasing,MEDIUM,MEDIUM,366,2024-01-06,HIGH PRIORITY: Reorder stock within the lead time.,0.0,184.6283950805664,1.5713391595019164,HIGH
2024-01-03,S005,P0009,Furniture,North,177.350830078125,0.0,143.9168701171875,33.4339599609375,96.30149965591832,158.89747443226523,590.6480847838277,0.23231439047912283,Decreasing,MEDIUM,MEDIUM,558,2024-01-06,HIGH PRIORITY: Reorder stock within the lead time.,0.0,33.4339599609375,0.23231439047912283,HIGH
2024-01-03,S005,P0010,Toys,North,185.5552749633789,0.0,134.78732299804688,50.76795196533203,123.69066104451714,204.08959072345328,608.4515597175939,0.3766522758677215,Stable,MEDIUM,MEDIUM,558,2024-01-06,HIGH PRIORITY: Reorder stock within the lead time.,0.0,50.76795196533203,0.3766522758677215,HIGH
2024-01-03,S005,P0011,Groceries,North,20.4482421875,0.0,143.7733612060547,-123.32511901855469,96.82160544229414,159.75564897978532,591.0757325979494,-0.8577744721555632,Increasing,HIGH,STOCKOUT,715,2024-01-06,URGENT: Reorder immediately to prevent stockout.,123.32511901855469,0.0,0.0,URGENT
2024-01-03,S005,P0012,Electronics,North,369.54698181152344,0.0,130.15541076660156,239.39157104492188,110.22590439638044,181.8727422540277,572.3389745538324,1.8392748302581576,Stable,MEDIUM,MEDIUM,333,2024-01-06,HIGH PRIORITY: Reorder stock within the lead time.,0.0,239.39157104492188,1.8392748302581576,HIGH
2024-01-03,S005,P0013,Electronics,West,269.56251525878906,0.0,106.5341796875,163.02833557128906,112.72117588130233,185.98994020414884,505.59247926664887,1.5302913679863601,Decreasing,MEDIUM,MEDIUM,343,2024-01-06,HIGH PRIORITY: Reorder stock within the lead time.,0.0,163.02833557128906,1.5302913679863601,HIGH
2024-01-03,S005,P0014,Toys,West,199.95948791503906,0.0,143.2179718017578,56.74151611328125,114.04554460120852,188.17514859199406,617.8290639972674,0.39618991527001096,Stable,MEDIUM,MEDIUM,562,2024-01-06,HIGH PRIORITY: Reorder stock within the lead time.,0.0,56.74151611328125,0.39618991527001096,HIGH
2024-01-03,S005,P0015,Furniture,North,268.4786071777344,0.0,141.32566833496094,127.15293884277344,102.78013725305398,169.58722646753907,593.5642314724219,0.8997158148327576,Stable,MEDIUM,MEDIUM,467,2024-01-06,HIGH PRIORITY: Reorder stock within the lead time.,0.0,127.15293884277344,0.8997158148327576,HIGH
2024-01-03,S005,P0016,Furniture,East,-50.17169189453125,0.0,132.89683532714844,-183.0685272216797,96.57560023549718,159.34974038857032,558.0402463700157,-1.377523601453902,Increasing,HIGH,STOCKOUT,742,2024-01-06,URGENT: Reorder immediately to prevent stockout.,183.0685272216797,0.0,0.0,URGENT
2024-01-03,S005,P0017,Toys,North,184.1047821044922,0.0,147.5368194580078,36.567962646484375,96.2129678639277,158.7513969754807,601.3618553495041,0.24785652002544634,Increasing,MEDIUM,MEDIUM,565,2024-01-06,HIGH PRIORITY: Reorder stock within the lead time.,0.0,36.567962646484375,0.24785652002544634,HIGH
2024-01-03,S005,P0018,Clothing,West,143.19944763183594,0.0,141.8561553955078,1.343292236328125,100.06343887225644,165.1046741392231,590.6731403257465,0.009469396887169997,Increasing,MEDIUM,MEDIUM,590,2024-01-06,HIGH PRIORITY: Reorder stock within the lead time.,0.0,1.343292236328125,0.009469396887169997,HIGH
2024-01-03,S005,P0019,Toys,East,231.57081604003906,0.0,147.83267211914062,83.73814392089844,100.38631069852788,165.637412652571,609.1354290099929,0.5664386817916176,Stable,MEDIUM,MEDIUM,526,2024-01-06,HIGH PRIORITY: Reorder stock within the lead time.,0.0,83.73814392089844,0.5664386817916176,HIGH
2024-01-03,S005,P0020,Groceries,East,-21.386611938476562,0.0,153.6512451171875,-175.03785705566406,110.69990775388919,182.65484779391716,643.6085831454797,-1.1391893174843153,Increasing,HIGH,STOCKOUT,819,2024-01-06,URGENT: Reorder immediately to prevent stockout.,175.03785705566406,0.0,0.0,URGENT
2024-01-04,S001,P0001,Toys,East,-15.878227233886719,0.0,103.50363159179688,-119.3818588256836,87.05547705145314,143.64153713489767,454.1524319102883,-1.1534074407795478,Increasing,HIGH,STOCKOUT,574,2024-01-07,URGENT: Reorder immediately to prevent stockout.,119.3818588256836,0.0,0.0,URGENT
2024-01-04,S001,P0002,Furniture,West,-46.722381591796875,0.0,139.67947387695312,-186.40185546875,87.0502120502266,143.6328498828739,562.6712715137332,-1.3344971189750878,Increasing,HIGH,STOCKOUT,750,2024-01-07,URGENT: Reorder immediately to prevent stockout.,186.40185546875,0.0,0.0,URGENT
2024-01-04,S001,P0003,Toys,East,-214.12258911132812,0.0,124.09293365478516,-338.2155227661133,109.84288924395752,181.24076725252988,553.5195682168853,-2.725501870291801,Stable,HIGH,STOCKOUT,892,2024-01-07,URGENT: Reorder immediately to prevent stockout.,338.2155227661133,0.0,0.0,URGENT
2024-01-04,S001,P0004,Groceries,West,58.647735595703125,0.0,138.22557067871094,-79.57783508300781,106.22189015024138,175.26611874789828,589.9428307840311,-0.5757099405867321,Stable,HIGH,STOCKOUT,670,2024-01-07,URGENT: Reorder immediately to prevent stockout.,79.57783508300781,0.0,0.0,URGENT
2024-01-04,S001,P0005,Groceries,North,183.3131866455078,0.0,151.04393005371094,32.269256591796875,114.87713703673423,189.54727611061145,642.6790662717442,0.21364153183992227,Stable,MEDIUM,MEDIUM,611,2024-01-07,HIGH PRIORITY: Reorder stock within the lead time.,0.0,32.269256591796875,0.21364153183992227,HIGH
2024-01-04,S001,P0006,Electronics,North,41.79728698730469,0.0,142.97586059570312,-101.17857360839844,97.07540161072525,160.17441265769665,589.101994444806,-0.7076619310899197,Increasing,HIGH,STOCKOUT,691,2024-01-07,URGENT: Reorder immediately to prevent stockout.,101.17857360839844,0.0,0.0,URGENT
2024-01-04,S001,P0007,Clothing,East,-30.451065063476562,0.0,143.09178161621094,-173.5428466796875,116.37994245268816,192.02690504693544,621.3022498955683,-1.21280792453301,Stable,HIGH,STOCKOUT,795,2024-01-07,URGENT: Reorder immediately to prevent stockout.,173.5428466796875,0.0,0.0,URGENT
2024-01-04,S001,P0008,Electronics,East,86.45852661132812,0.0,133.08213806152344,-46.62361145019531,87.13770042856787,143.77720570713697,543.0236198917073,-0.35033710856554895,Stable,HIGH,STOCKOUT,590,2024-01-07,URGENT: Reorder immediately to prevent stockout.,46.62361145019531,0.0,0.0,URGENT
2024-01-04,S001,P0009,Electronics,South,-171.69395446777344,0.0,156.60304260253906,-328.2969970703125,85.14739010872877,140.49319367940245,610.3023214870196,-2.09636410387974,Increasing,HIGH,STOCKOUT,939,2024-01-07,URGENT: Reorder immediately to prevent stockout.,328.2969970703125,0.0,0.0,URGENT
2024-01-04,S001,P0010,Furniture,West,-91.32637023925781,0.0,134.9086456298828,-226.23501586914062,98.99422114500332,163.3404648892555,568.0664017789039,-1.6769497226279222,Stable,HIGH,STOCKOUT,795,2024-01-07,URGENT: Reorder immediately to prevent stockout.,226.23501586914062,0.0,0.0,URGENT
2024-01-04,S001,P0011,Electronics,West,213.2460479736328,0.0,115.73310852050781,97.512939453125,105.85252294469231,174.6566628587423,521.8559884202657,0.8425673577742516,Decreasing,MEDIUM,MEDIUM,425,2024-01-07,HIGH PRIORITY: Reorder stock within the lead time.,0.0,97.512939453125,0.8425673577742516,HIGH
2024-01-04,S001,P0012,Electronics,East,-64.48612976074219,0.0,163.2775421142578,-227.763671875,104.88983260605855,173.0682237999966,662.90085014277,-1.3949479452331313,Increasing,HIGH,STOCKOUT,891,2024-01-07,URGENT: Reorder immediately to prevent stockout.,227.763671875,0.0,0.0,URGENT
2024-01-04,S001,P0013,Groceries,North,76.83799743652344,0.0,152.17005920410156,-75.33206176757812,90.53119986031416,149.37647976951837,605.886657381823,-0.4950518003448844,Stable,HIGH,STOCKOUT,682,2024-01-07,URGENT: Reorder immediately to prevent stockout.,75.33206176757812,0.0,0.0,URGENT
2024-01-04,S001,P0014,Groceries,South,-15.408126831054688,0.0,136.36013793945312,-151.7682647705078,109.9239937026234,181.3745896093286,590.455003427688,-1.1129958290149005,Increasing,HIGH,STOCKOUT,743,2024-01-07,URGENT: Reorder immediately to prevent stockout.,151.7682647705078,0.0,0.0,URGENT
2024-01-04,S001,P0015,Electronics,East,100.4407730102539,0.0,132.06643676757812,-31.62566375732422,97.88506244435588,161.5103530331872,557.7096633359215,-0.2394678355181323,Stable,HIGH,STOCKOUT,590,2024-01-07,URGENT: Reorder immediately to prevent stockout.,31.62566375732422,0.0,0.0,URGENT
2024-01-04,S001,P0016,Electronics,East,-213.22743225097656,0.0,140.9986572265625,-354.22608947753906,123.54066656893306,203.84209983873953,626.838071518427,-2.512265694192774,Increasing,HIGH,STOCKOUT,982,2024-01-07,URGENT: Reorder immediately to prevent stockout.,354.22608947753906,0.0,0.0,URGENT
2024-01-04,S001,P0017,Toys,East,45.566978454589844,0.0,132.49668884277344,-86.9297103881836,88.98619921534826,146.82722870532461,544.3172952336449,-0.6560896815416898,Increasing,HIGH,STOCKOUT,632,2024-01-07,URGENT: Reorder immediately to prevent stockout.,86.9297103881836,0.0,0.0,URGENT
2024-01-04,S001,P0018,Electronics,East,-41.03123474121094,0.0,134.11358642578125,-175.1448211669922,74.08489338975542,122.24007409309644,524.5808333704401,-1.30594390795684,Increasing,HIGH,STOCKOUT,700,2024-01-07,URGENT: Reorder immediately to prevent stockout.,175.1448211669922,0.0,0.0,URGENT
2024-01-04,S001,P0019,Clothing,West,-112.8626708984375,0.0,148.99737548828125,-261.86004638671875,102.53539200567097,169.1833968093571,616.1755232742008,-1.7574809323222893,Increasing,HIGH,STOCKOUT,879,2024-01-07,URGENT: Reorder immediately to prevent stockout.,261.86004638671875,0.0,0.0,URGENT
2024-01-04,S001,P0020,Electronics,South,-19.661651611328125,0.0,169.1873779296875,-188.84902954101562,104.95196684157636,173.17074528860098,680.7328790776635,-1.1162122839890534,Increasing,HIGH,STOCKOUT,870,2024-01-07,URGENT: Reorder immediately to prevent stockout.,188.84902954101562,0.0,0.0,URGENT
2024-01-04,S002,P0001,Clothing,East,156.6618423461914,0.0,141.1518096923828,15.510032653808594,102.78374071076297,169.5931721727589,593.0486012499073,0.10988192562043776,Stable,MEDIUM,MEDIUM,578,2024-01-07,HIGH PRIORITY: Reorder stock within the lead time.,0.0,15.510032653808594,0.10988192562043776,HIGH
2024-01-04,S002,P0002,Groceries,North,79.970703125,0.0,141.87973022460938,-61.909027099609375,81.75077463510148,134.88877814791744,560.5279688217456,-0.4363486383967701,Increasing,HIGH,STOCKOUT,623,2024-01-07,URGENT: Reorder immediately to prevent stockout.,61.909027099609375,0.0,0.0,URGENT
2024-01-04,S002,P0003,Clothing,South,78.73489379882812,0.0,147.22251892089844,-68.48762512207031,103.66630301574557,171.04939997598018,612.7169567386754,-0.4651980255742547,Increasing,HIGH,STOCKOUT,682,2024-01-07,URGENT: Reorder immediately to prevent stockout.,68.48762512207031,0.0,0.0,URGENT
2024-01-04,S002,P0004,Toys,West,-112.2138671875,0.0,138.94985961914062,-251.16372680664062,85.90362355385564,141.74097886386178,558.5905577212836,-1.8075853224686693,Increasing,HIGH,STOCKOUT,810,2024-01-07,URGENT: Reorder immediately to prevent stockout.,251.16372680664062,0.0,0.0,URGENT
2024-01-04,S002,P0005,Toys,West,196.23077392578125,0.0,133.16299438476562,63.067779541015625,101.80318053055889,167.97524787542216,567.464231029719,0.47361340763174387,Decreasing,MEDIUM,MEDIUM,505,2024-01-07,HIGH PRIORITY: Reorder stock within the lead time.,0.0,63.067779541015625,0.47361340763174387,HIGH
2024-01-04,S002,P0006,Toys,East,-89.88581848144531,0.0,139.3275604248047,-229.21337890625,100.60241826540036,165.99399013791057,583.9766714123247,-1.645140259453239,Stable,HIGH,STOCKOUT,814,2024-01-07,URGENT: Reorder immediately to prevent stockout.,229.21337890625,0.0,0.0,URGENT
2024-01-04,S002,P0007,Toys,West,-356.60618591308594,0.0,156.61964416503906,-513.225830078125,138.1213857292461,227.90028645325606,697.7592189483732,-3.2768930922695088,Stable,HIGH,STOCKOUT,1211,2024-01-07,URGENT: Reorder immediately to prevent stockout.,513.225830078125,0.0,0.0,URGENT
2024-01-04,S002,P0008,Furniture,North,-49.87040710449219,0.0,132.77740478515625,-182.64781188964844,119.96491440346502,197.94210876571728,596.2743231211861,-1.3755940793178345,Increasing,HIGH,STOCKOUT,779,2024-01-07,URGENT: Reorder immediately to prevent stockout.,182.64781188964844,0.0,0.0,URGENT
2024-01-04,S002,P0009,Electronics,North,-245.25442504882812,0.0,154.25054931640625,-399.5049743652344,122.06247858063786,201.40308965805247,664.1547376072713,-2.589974402916065,Increasing,HIGH,STOCKOUT,1064,2024-01-07,URGENT: Reorder immediately to prevent stockout.,399.5049743652344,0.0,0.0,URGENT
2024-01-04,S002,P0010,Toys,West,175.8938446044922,0.0,134.07081604003906,41.823028564453125,128.312835922342,211.7161792718643,613.9286273919815,0.3119472962107059,Decreasing,MEDIUM,MEDIUM,573,2024-01-07,HIGH PRIORITY: Reorder stock within the lead time.,0.0,41.823028564453125,0.3119472962107059,HIGH
2024-01-04,S002,P0011,Groceries,West,-164.42471313476562,0.0,140.32489013671875,-304.7496032714844,92.53927380181452,152.68980177299395,573.6644721831502,-2.1717430384201006,Increasing,HIGH,STOCKOUT,879,2024-01-07,URGENT: Reorder immediately to prevent stockout.,304.7496032714844,0.0,0.0,URGENT
2024-01-04,S002,P0012,Electronics,North,-78.72755432128906,0.0,119.11135864257812,-197.8389129638672,110.48854952763014,182.30610672058972,539.6401826483241,-1.660957571288644,Stable,HIGH,STOCKOUT,738,2024-01-07,URGENT: Reorder immediately to prevent stockout.,197.8389129638672,0.0,0.0,URGENT
2024-01-04,S002,P0013,Electronics,South,202.67132568359375,0.0,138.36398315429688,64.30734252929688,112.78407989272544,186.09373182299697,601.1856812858875,0.4647693790195705,Stable,MEDIUM,MEDIUM,537,2024-01-07,HIGH PRIORITY: Reorder stock within the lead time.,0.0,64.30734252929688,0.4647693790195705,HIGH
2024-01-04,S002,P0014,Clothing,West,59.1943359375,0.0,149.4875030517578,-90.29316711425781,105.08073867370575,173.38321881161448,621.8457279668879,-0.604018163866147,Stable,HIGH,STOCKOUT,713,2024-01-07,URGENT: Reorder immediately to prevent stockout.,90.29316711425781,0.0,0.0,URGENT
2024-01-04,S002,P0015,Toys,South,128.76174926757812,0.0,129.7331085205078,-0.9713592529296875,98.40293474352055,162.36484232680888,551.5641678883323,-0.007487365900710982,Increasing,HIGH,STOCKOUT,553,2024-01-07,URGENT: Reorder immediately to prevent stockout.,0.9713592529296875,0.0,0.0,URGENT
2024-01-04,S002,P0016,Toys,North,-29.159164428710938,0.0,148.42283630371094,-177.58200073242188,113.86576033058127,187.8785045454591,633.1470134565919,-1.1964600943822679,Stable,HIGH,STOCKOUT,811,2024-01-07,URGENT: Reorder immediately to prevent stockout.,177.58200073242188,0.0,0.0,URGENT
2024-01-04,S002,P0017,Toys,East,-31.885177612304688,0.0,135.47265625,-167.3578338623047,122.31953557412153,201.82723369730053,608.2452024473005,-1.2353624598122892,Decreasing,HIGH,STOCKOUT,776,2024-01-07,URGENT: Reorder immediately to prevent stockout.,167.3578338623047,0.0,0.0,URGENT
2024-01-04,S002,P0018,Groceries,East,-147.4722442626953,0.0,143.4427032470703,-290.9149475097656,121.35236092736515,200.2313955301525,630.5595052713634,-2.0280916416409442,Stable,HIGH,STOCKOUT,922,2024-01-07,URGENT: Reorder immediately to prevent stockout.,290.9149475097656,0.0,0.0,URGENT
2024-01-04,S002,P0019,Furniture,West,162.80078125,0.0,129.95750427246094,32.84327697753906,106.13894756627367,175.12926348435155,565.0017763017344,0.2527232048768947,Decreasing,MEDIUM,MEDIUM,533,2024-01-07,HIGH PRIORITY: Reorder stock within the lead time.,0.0,32.84327697753906,0.2527232048768947,HIGH
2024-01-04,S002,P0020,Groceries,East,17.131309509277344,0.0,167.03953552246094,-149.9082260131836,97.39889616184041,160.70817866703666,661.8267852344195,-0.8974415879708083,Decreasing,HIGH,STOCKOUT,812,2024-01-07,URGENT: Reorder immediately to prevent stockout.,149.9082260131836,0.0,0.0,URGENT
2024-01-04,S003,P0001,Clothing,West,-123.16297912597656,0.0,139.3094482421875,-262.47242736816406,87.2815792368245,144.0146057407604,561.9429504673229,-1.8840963816887673,Increasing,HIGH,STOCKOUT,825,2024-01-07,URGENT: Reorder immediately to prevent stockout.,262.47242736816406,0.0,0.0,URGENT
2024-01-04,S003,P0002,Groceries,South,64.72650146484375,0.0,148.05345153808594,-83.32695007324219,106.09983319107813,175.0647247652789,619.2250793795367,-0.5628166665996759,Decreasing,HIGH,STOCKOUT,703,2024-01-07,URGENT: Reorder immediately to prevent stockout.,83.32695007324219,0.0,0.0,URGENT
2024-01-04,S003,P0003,Groceries,North,-177.5891571044922,0.0,142.173828125,-319.7629852294922,99.91591041190163,164.8612521796377,591.3827365546376,-2.249098792981468,Stable,HIGH,STOCKOUT,912,2024-01-07,URGENT: Reorder immediately to prevent stockout.,319.7629852294922,0.0,0.0,URGENT
2024-01-04,S003,P0004,Groceries,North,147.93704223632812,0.0,138.59971618652344,9.337326049804688,99.6111155374958,164.35834063686806,580.1574891964384,0.06736901277083993,Decreasing,MEDIUM,MEDIUM,571,2024-01-07,HIGH PRIORITY: Reorder stock within the lead time.,0.0,9.337326049804688,0.06736901277083993,HIGH
2024-01-04,S003,P0005,Electronics,West,153.42385864257812,0.0,157.7046661376953,-4.2808074951171875,95.25484475729016,157.17049384952875,630.2844922626147,-0.02714445678721721,Stable,HIGH,STOCKOUT,635,2024-01-07,URGENT: Reorder immediately to prevent stockout.,4.2808074951171875,0.0,0.0,URGENT
2024-01-04,S003,P0006,Furniture,North,205.75193786621094,0.0,148.5124969482422,57.23944091796875,100.44474513580502,165.73382947407828,611.2713203188048,0.3854183458912361,Decreasing,MEDIUM,MEDIUM,555,2024-01-07,HIGH PRIORITY: Reorder stock within the lead time.,0.0,57.23944091796875,0.3854183458912361,HIGH
2024-01-04,S003,P0007,Electronics,North,-163.25851440429688,0.0,128.00482177734375,-291.2633361816406,79.51629562448989,131.2018877804083,515.2163531124395,-2.2754090989499964,Stable,HIGH,STOCKOUT,807,2024-01-07,URGENT: Reorder immediately to prevent stockout.,291.2633361816406,0.0,0.0,URGENT
2024-01-04,S003,P0008,Furniture,North,-170.67449951171875,0.0,137.55490112304688,-308.2294006347656,110.1871183859577,181.8087453368302,594.4734487059709,-2.240773670136591,Increasing,HIGH,STOCKOUT,903,2024-01-07,URGENT: Reorder immediately to prevent stockout.,308.2294006347656,0.0,0.0,URGENT
2024-01-04,S003,P0009,Furniture,South,268.44630432128906,0.0,115.18560028076172,153.26070404052734,101.71577658529283,167.83103136573317,513.3878322080184,1.3305543719610664,Decreasing,MEDIUM,MEDIUM,361,2024-01-07,HIGH PRIORITY: Reorder stock within the lead time.,0.0,153.26070404052734,1.3305543719610664,HIGH
2024-01-04,S003,P0010,Furniture,East,137.138671875,0.0,130.5311737060547,6.6074981689453125,120.3331354700919,198.54967352565163,590.1431946438157,0.05062007780474607,Decreasing,MEDIUM,MEDIUM,584,2024-01-07,HIGH PRIORITY: Reorder stock within the lead time.,0.0,6.6074981689453125,0.05062007780474607,HIGH
2024-01-04,S003,P0011,Toys,West,-122.330322265625,0.0,135.08126831054688,-257.4115905761719,114.48150886940594,188.8944896345198,594.1382945661604,-1.9056053722000306,Decreasing,HIGH,STOCKOUT,852,2024-01-07,URGENT: Reorder immediately to prevent stockout.,257.4115905761719,0.0,0.0,URGENT
2024-01-04,S003,P0012,Clothing,North,-198.91407775878906,0.0,146.48696899414062,-345.4010467529297,103.35321749291391,170.53280886330793,609.9937158457299,-2.357896058090638,Increasing,HIGH,STOCKOUT,956,2024-01-07,URGENT: Reorder immediately to prevent stockout.,345.4010467529297,0.0,0.0,URGENT
2024-01-04,S003,P0013,Groceries,West,102.29275512695312,0.0,132.54171752929688,-30.24896240234375,87.22054391267737,143.91389745591766,541.5390500438083,-0.2282222002718318,Increasing,HIGH,STOCKOUT,572,2024-01-07,URGENT: Reorder immediately to prevent stockout.,30.24896240234375,0.0,0.0,URGENT
2024-01-04,S003,P0014,Electronics,West,-62.710906982421875,0.0,163.14459228515625,-225.85549926757812,121.26216733801697,200.082576107728,689.5163529631967,-1.3843885114672454,Increasing,HIGH,STOCKOUT,916,2024-01-07,URGENT: Reorder immediately to prevent stockout.,225.85549926757812,0.0,0.0,URGENT
2024-01-04,S003,P0015,Clothing,East,-2.266632080078125,0.0,132.98153686523438,-135.2481689453125,90.29437454279238,148.98571799560742,547.9303285913105,-1.0170447126233408,Decreasing,HIGH,STOCKOUT,684,2024-01-07,URGENT: Reorder immediately to prevent stockout.,135.2481689453125,0.0,0.0,URGENT
2024-01-04,S003,P0016,Furniture,East,-112.51132202148438,0.0,145.4297332763672,-257.94105529785156,107.05690026420478,176.64388543593788,612.9330852650394,-1.773647310537754,Increasing,HIGH,STOCKOUT,871,2024-01-07,URGENT: Reorder immediately to prevent stockout.,257.94105529785156,0.0,0.0,URGENT
2024-01-04,S003,P0017,Clothing,North,-48.25054168701172,0.0,138.4576873779297,-186.7082290649414,105.80327032082708,174.57539602936467,589.9484581631538,-1.3484858269754902,Stable,HIGH,STOCKOUT,777,2024-01-07,URGENT: Reorder immediately to prevent stockout.,186.7082290649414,0.0,0.0,URGENT
2024-01-04,S003,P0018,Electronics,North,131.27133178710938,0.0,117.91571807861328,13.355613708496094,130.71395321899482,215.67802281134144,569.4251770471813,0.11326406628497172,Stable,MEDIUM,MEDIUM,557,2024-01-07,HIGH PRIORITY: Reorder stock within the lead time.,0.0,13.355613708496094,0.11326406628497172,HIGH
2024-01-04,S003,P0019,Electronics,West,-13.280181884765625,0.0,133.39492797851562,-146.67510986328125,107.17726872437518,176.84249339521904,577.0272773307659,-1.099555373551418,Decreasing,HIGH,STOCKOUT,724,2024-01-07,URGENT: Reorder immediately to prevent stockout.,146.67510986328125,0.0,0.0,URGENT
2024-01-04,S003,P0020,Groceries,West,137.13558959960938,0.0,137.01930236816406,0.1162872314453125,85.75626837810496,141.49784282387319,552.5557499283653,0.0008486923333827411,Increasing,MEDIUM,MEDIUM,553,2024-01-07,HIGH PRIORITY: Reorder stock within the lead time.,0.0,0.1162872314453125,0.0008486923333827411,HIGH
2024-01-04,S004,P0001,Electronics,East,225.24046325683594,0.0,134.60731506347656,90.63314819335938,125.43566406770375,206.9688457117112,610.7907909021409,0.6733151771924107,Decreasing,MEDIUM,MEDIUM,521,2024-01-07,HIGH PRIORITY: Reorder stock within the lead time.,0.0,90.63314819335938,0.6733151771924107,HIGH
2024-01-04,S004,P0002,Furniture,West,-67.41796875,0.0,134.43287658691406,-201.85084533691406,117.93716379146399,194.59632025591557,597.8949500166577,-1.5014991158536481,Stable,HIGH,STOCKOUT,800,2024-01-07,URGENT: Reorder immediately to prevent stockout.,201.85084533691406,0.0,0.0,URGENT
2024-01-04,S004,P0003,Furniture,West,169.4556427001953,0.0,146.7147216796875,22.740921020507812,108.19576124471213,178.523006053775,618.6671710928375,0.15500094850847043,Stable,MEDIUM,MEDIUM,596,2024-01-07,HIGH PRIORITY: Reorder stock within the lead time.,0.0,22.740921020507812,0.15500094850847043,HIGH
2024-01-04,S004,P0004,Furniture,South,-228.885498046875,0.0,132.99514770507812,-361.8806457519531,94.21973501134711,155.46256276872273,554.4480058839571,-2.7210063825368835,Stable,HIGH,STOCKOUT,917,2024-01-07,URGENT: Reorder immediately to prevent stockout.,361.8806457519531,0.0,0.0,URGENT
2024-01-04,S004,P0005,Toys,East,-52.502410888671875,0.0,147.12942504882812,-199.6318359375,101.11177611851782,166.8344305955544,608.2227057420388,-1.3568450761718658,Increasing,HIGH,STOCKOUT,808,2024-01-07,URGENT: Reorder immediately to prevent stockout.,199.6318359375,0.0,0.0,URGENT
2024-01-04,S004,P0006,Toys,East,114.78917694091797,0.0,138.89572143554688,-24.106544494628906,100.29202730397238,165.48184505155442,582.169009358195,-0.17355858226212748,Decreasing,HIGH,STOCKOUT,607,2024-01-07,URGENT: Reorder immediately to prevent stockout.,24.106544494628906,0.0,0.0,URGENT
2024-01-04,S004,P0007,Electronics,South,-123.24539947509766,0.0,115.8675765991211,-239.11297607421875,103.75981498802513,171.20369473024144,518.8064245276047,-2.0636746110734876,Decreasing,HIGH,STOCKOUT,758,2024-01-07,URGENT: Reorder immediately to prevent stockout.,239.11297607421875,0.0,0.0,URGENT
2024-01-04,S004,P0008,Furniture,West,161.56522369384766,0.0,127.29928588867188,34.26593780517578,123.72212421860539,204.14150496069888,586.0393626267145,0.2691761981692707,Decreasing,MEDIUM,MEDIUM,552,2024-01-07,HIGH PRIORITY: Reorder stock within the lead time.,0.0,34.26593780517578,0.2691761981692707,HIGH
2024-01-04,S004,P0009,Clothing,East,-128.11376190185547,0.0,130.643310546875,-258.75707244873047,125.70438047196791,207.41222777874705,599.342159419372,-1.980637748427908,Stable,HIGH,STOCKOUT,859,2024-01-07,URGENT: Reorder immediately to prevent stockout.,258.75707244873047,0.0,0.0,URGENT
2024-01-04,S004,P0010,Toys,North,111.69256591796875,0.0,132.41664123535156,-20.724075317382812,105.30693360149778,173.75644044247133,571.006364148526,-0.1565065774516116,Stable,HIGH,STOCKOUT,592,2024-01-07,URGENT: Reorder immediately to prevent stockout.,20.724075317382812,0.0,0.0,URGENT
2024-01-04,S004,P0011,Groceries,East,-105.24967193603516,0.0,133.12474060058594,-238.3744125366211,99.84556196139238,164.74517723629742,564.1193990380552,-1.7906094048424528,Decreasing,HIGH,STOCKOUT,803,2024-01-07,URGENT: Reorder immediately to prevent stockout.,238.3744125366211,0.0,0.0,URGENT
2024-01-04,S004,P0012,Clothing,East,-190.25759887695312,0.0,137.2536163330078,-327.51121520996094,87.52913347194296,144.42307022870588,556.1839192277293,-2.386175490016568,Increasing,HIGH,STOCKOUT,884,2024-01-07,URGENT: Reorder immediately to prevent stockout.,327.51121520996094,0.0,0.0,URGENT
2024-01-04,S004,P0013,Electronics,West,-169.60414123535156,0.0,141.29417419433594,-310.8983154296875,114.14107000739858,188.33276551220766,612.2152880952154,-2.2003618847163375,Increasing,HIGH,STOCKOUT,924,2024-01-07,URGENT: Reorder immediately to prevent stockout.,310.8983154296875,0.0,0.0,URGENT
2024-01-04,S004,P0014,Furniture,South,74.79454040527344,0.0,152.61160278320312,-77.81706237792969,91.23326113051061,150.5348808653425,608.3696892149519,-0.509902661126461,Stable,HIGH,STOCKOUT,687,2024-01-07,URGENT: Reorder immediately to prevent stockout.,77.81706237792969,0.0,0.0,URGENT
2024-01-04,S004,P0015,Toys,North,-212.0550079345703,0.0,128.96888732910156,-341.0238952636719,69.47360657531758,114.63145084927399,501.53811283657865,-2.644233832873586,Increasing,HIGH,STOCKOUT,843,2024-01-07,URGENT: Reorder immediately to prevent stockout.,341.0238952636719,0.0,0.0,URGENT
2024-01-04,S004,P0016,Clothing,West,29.896759033203125,0.0,141.29019165039062,-111.3934326171875,89.63898050177067,147.9043178279216,571.7748927790935,-0.7884017377003787,Stable,HIGH,STOCKOUT,684,2024-01-07,URGENT: Reorder immediately to prevent stockout.,111.3934326171875,0.0,0.0,URGENT
2024-01-04,S004,P0017,Electronics,North,-153.22940063476562,0.0,128.51820373535156,-281.7476043701172,108.11734268081042,178.3936154233372,563.9482266293919,-2.1922777955277066,Decreasing,HIGH,STOCKOUT,846,2024-01-07,URGENT: Reorder immediately to prevent stockout.,281.7476043701172,0.0,0.0,URGENT
2024-01-04,S004,P0018,Toys,North,-176.18968200683594,0.0,124.6695327758789,-300.85921478271484,86.61894290420122,142.921255791932,516.9298541195687,-2.4132537283473736,Increasing,HIGH,STOCKOUT,818,2024-01-07,URGENT: Reorder immediately to prevent stockout.,300.85921478271484,0.0,0.0,URGENT
2024-01-04,S004,P0019,Clothing,East,-226.41952514648438,0.0,159.55343627929688,-385.97296142578125,83.20043370867828,137.28071561931915,615.9410244572098,-2.4190827250510543,Increasing,HIGH,STOCKOUT,1002,2024-01-07,URGENT: Reorder immediately to prevent stockout.,385.97296142578125,0.0,0.0,URGENT
2024-01-04,S004,P0020,Toys,West,-30.800643920898438,0.0,148.56692504882812,-179.36756896972656,109.01183737480387,179.8695316684264,625.5703068149107,-1.207318310658819,Stable,HIGH,STOCKOUT,805,2024-01-07,URGENT: Reorder immediately to prevent stockout.,179.36756896972656,0.0,0.0,URGENT
2024-01-04,S005,P0001,Toys,North,34.375244140625,0.0,140.8590087890625,-106.4837646484375,90.09186963064411,148.6515848905628,571.2286112577503,-0.7559599173944053,Increasing,HIGH,STOCKOUT,678,2024-01-07,URGENT: Reorder immediately to prevent stockout.,106.4837646484375,0.0,0.0,URGENT
2024-01-04,S005,P0002,Groceries,North,-43.370994567871094,0.0,142.34812927246094,-185.71912384033203,134.43337879162797,221.81507500618613,648.859462823569,-1.3046825749628013,Decreasing,HIGH,STOCKOUT,835,2024-01-07,URGENT: Reorder immediately to prevent stockout.,185.71912384033203,0.0,0.0,URGENT
2024-01-04,S005,P0003,Furniture,South,-174.2111358642578,0.0,136.48583984375,-310.6969757080078,107.92557571854735,178.07719993560312,587.5347194668532,-2.276404468505275,Stable,HIGH,STOCKOUT,899,2024-01-07,URGENT: Reorder immediately to prevent stockout.,310.6969757080078,0.0,0.0,URGENT
2024-01-04,S005,P0004,Toys,North,-150.7831268310547,0.0,127.75738525390625,-278.54051208496094,118.0719615117751,194.81873649442892,578.0908922561476,-2.180230219422438,Stable,HIGH,STOCKOUT,857,2024-01-07,URGENT: Reorder immediately to prevent stockout.,278.54051208496094,0.0,0.0,URGENT
2024-01-04,S005,P0005,Toys,South,139.9616470336914,0.0,118.43241882324219,21.52922821044922,116.05663642008093,191.49345009313353,546.7907065628601,0.18178492362451132,Decreasing,MEDIUM,MEDIUM,526,2024-01-07,HIGH PRIORITY: Reorder stock within the lead time.,0.0,21.52922821044922,0.18178492362451132,HIGH
2024-01-04,S005,P0006,Furniture,North,239.4795913696289,0.0,118.26997375488281,121.2096176147461,120.61230468873416,199.01030273641135,553.8202240010598,1.0248553691738849,Stable,MEDIUM,MEDIUM,433,2024-01-07,HIGH PRIORITY: Reorder stock within the lead time.,0.0,121.2096176147461,1.0248553691738849,HIGH
2024-01-04,S005,P0007,Groceries,South,-243.42864990234375,0.0,113.53992462158203,-356.9685745239258,98.46388965573911,162.4654179319695,503.0851917967156,-3.143991646230775,Increasing,HIGH,STOCKOUT,861,2024-01-07,URGENT: Reorder immediately to prevent stockout.,356.9685745239258,0.0,0.0,URGENT
2024-01-04,S005,P0008,Electronics,West,184.6283950805664,0.0,122.70426940917969,61.92412567138672,119.66797098816075,197.4521521304652,565.5649603580043,0.5046615408701833,Decreasing,MEDIUM,MEDIUM,504,2024-01-07,HIGH PRIORITY: Reorder stock within the lead time.,0.0,61.92412567138672,0.5046615408701833,HIGH
2024-01-04,S005,P0009,Furniture,North,33.4339599609375,0.0,130.09153747558594,-96.65757751464844,96.30149965591832,158.89747443226523,549.172086859023,-0.7429966575096247,Decreasing,HIGH,STOCKOUT,646,2024-01-07,URGENT: Reorder immediately to prevent stockout.,96.65757751464844,0.0,0.0,URGENT
2024-01-04,S005,P0010,Toys,North,50.76795196533203,0.0,129.0797576904297,-78.31180572509766,123.69066104451714,204.08959072345328,591.3288637947423,-0.6066931572099155,Stable,HIGH,STOCKOUT,670,2024-01-07,URGENT: Reorder immediately to prevent stockout.,78.31180572509766,0.0,0.0,URGENT
2024-01-04,S005,P0011,Groceries,North,-123.32511901855469,0.0,140.85597229003906,-264.18109130859375,96.82160544229414,159.75564897978532,582.3235658499025,-1.8755405753375776,Increasing,HIGH,STOCKOUT,847,2024-01-07,URGENT: Reorder immediately to prevent stockout.,264.18109130859375,0.0,0.0,URGENT
2024-01-04,S005,P0012,Electronics,North,239.39157104492188,0.0,111.69913482666016,127.69243621826172,110.22590439638044,181.8727422540277,516.9701467340082,1.1431819630153868,Decreasing,MEDIUM,MEDIUM,390,2024-01-07,HIGH PRIORITY: Reorder stock within the lead time.,0.0,127.69243621826172,1.1431819630153868,HIGH
2024-01-04,S005,P0013,Electronics,West,163.02833557128906,0.0,136.20852661132812,26.819808959960938,112.72117588130233,185.98994020414884,594.6155200381332,0.19690257010481751,Decreasing,MEDIUM,MEDIUM,568,2024-01-07,HIGH PRIORITY: Reorder stock within the lead time.,0.0,26.819808959960938,0.19690257010481751,HIGH
2024-01-04,S005,P0014,Toys,West,56.74151611328125,0.0,131.29757690429688,-74.55606079101562,114.04554460120852,188.17514859199406,582.0678793048846,-0.567840340613138,Decreasing,HIGH,STOCKOUT,657,2024-01-07,URGENT: Reorder immediately to prevent stockout.,74.55606079101562,0.0,0.0,URGENT
2024-01-04,S005,P0015,Furniture,North,127.15293884277344,0.0,134.03453063964844,-6.881591796875,102.78013725305398,169.58722646753907,571.6908183864844,-0.0513419322918819,Decreasing,HIGH,STOCKOUT,579,2024-01-07,URGENT: Reorder immediately to prevent stockout.,6.881591796875,0.0,0.0,URGENT
2024-01-04,S005,P0016,Furniture,East,-183.0685272216797,0.0,151.7145538330078,-334.7830810546875,96.57560023549718,159.34974038857032,614.4934018875938,-2.206664242793629,Increasing,HIGH,STOCKOUT,950,2024-01-07,URGENT: Reorder immediately to prevent stockout.,334.7830810546875,0.0,0.0,URGENT
2024-01-04,S005,P0017,Toys,North,36.567962646484375,0.0,129.65318298339844,-93.08522033691406,96.2129678639277,158.7513969754807,547.710945925676,-0.7179555348736271,Stable,HIGH,STOCKOUT,641,2024-01-07,URGENT: Reorder immediately to prevent stockout.,93.08522033691406,0.0,0.0,URGENT
2024-01-04,S005,P0018,Clothing,West,1.343292236328125,0.0,138.67970275878906,-137.33641052246094,100.06343887225644,165.1046741392231,581.1437824155903,-0.9903137069837497,Increasing,HIGH,STOCKOUT,719,2024-01-07,URGENT: Reorder immediately to prevent stockout.,137.33641052246094,0.0,0.0,URGENT
2024-01-04,S005,P0019,Toys,East,83.73814392089844,0.0,139.5088348388672,-55.77069091796875,100.38631069852788,165.637412652571,584.1639171691726,-0.39976458109182794,Stable,HIGH,STOCKOUT,640,2024-01-07,URGENT: Reorder immediately to prevent stockout.,55.77069091796875,0.0,0.0,URGENT
2024-01-04,S005,P0020,Groceries,East,-175.03785705566406,0.0,148.10787963867188,-323.14573669433594,110.69990775388919,182.65484779391716,626.9784867099328,-2.1818267703426133,Increasing,HIGH,STOCKOUT,951,2024-01-07,URGENT: Reorder immediately to prevent stockout.,323.14573669433594,0.0,0.0,URGENT
2024-01-05,S001,P0001,Toys,East,278.6181411743164,398.0,131.51502990722656,147.10311126708984,87.05547705145314,143.64153713489767,538.1866268565774,1.1185269955141965,Increasing,MEDIUM,MEDIUM,392,2024-01-08,HIGH PRIORITY: Reorder stock within the lead time.,0.0,147.10311126708984,1.1185269955141965,HIGH
2024-01-05,S001,P0002,Furniture,West,264.59814453125,451.0,144.2867431640625,120.3114013671875,87.0502120502266,143.6328498828739,576.4930793750614,0.8338354496669619,Increasing,MEDIUM,MEDIUM,457,2024-01-08,HIGH PRIORITY: Reorder stock within the lead time.,0.0,120.3114013671875,0.8338354496669619,HIGH
2024-01-05,S001,P0003,Toys,East,328.7844772338867,667.0,149.25155639648438,179.53292083740234,109.84288924395752,181.24076725252988,628.995436441983,1.2028880982686438,Increasing,MEDIUM,MEDIUM,450,2024-01-08,HIGH PRIORITY: Reorder stock within the lead time.,0.0,179.53292083740234,1.2028880982686438,HIGH
2024-01-05,S001,P0004,Groceries,West,265.4221649169922,345.0,147.29104614257812,118.13111877441406,106.22189015024138,175.26611874789828,617.1392571756327,0.8020251187574757,Increasing,MEDIUM,MEDIUM,500,2024-01-08,HIGH PRIORITY: Reorder stock within the lead time.,0.0,118.13111877441406,0.8020251187574757,HIGH
2024-01-05,S001,P0005,Groceries,North,306.2692565917969,274.0,131.39703369140625,174.87222290039062,114.87713703673423,189.54727611061145,583.7383771848301,1.3308688787532938,Decreasing,MEDIUM,MEDIUM,409,2024-01-08,HIGH PRIORITY: Reorder stock within the lead time.,0.0,174.87222290039062,1.3308688787532938,HIGH
2024-01-05,S001,P0006,Electronics,North,286.82142639160156,388.0,139.56422424316406,147.2572021484375,97.07540161072525,160.17441265769665,578.8670853871888,1.0551214177343178,Increasing,MEDIUM,MEDIUM,432,2024-01-08,HIGH PRIORITY: Reorder stock within the lead time.,0.0,147.2572021484375,1.0551214177343178,HIGH
2024-01-05,S001,P0007,Clothing,East,360.4571533203125,534.0,140.84771728515625,219.60943603515625,116.37994245268816,192.02690504693544,614.5700569024042,1.5591976942767292,Stable,MEDIUM,MEDIUM,395,2024-01-08,HIGH PRIORITY: Reorder stock within the lead time.,0.0,219.60943603515625,1.5591976942767292,HIGH
2024-01-05,S001,P0008,Electronics,East,216.3763885498047,263.0,125.66072082519531,90.71566772460938,87.13770042856787,143.77720570713697,520.7593681827229,0.7219094966899207,Stable,MEDIUM,MEDIUM,431,2024-01-08,HIGH PRIORITY: Reorder stock within the lead time.,0.0,90.71566772460938,0.7219094966899207,HIGH
2024-01-05,S001,P0009,Electronics,South,319.7030029296875,648.0,190.5921630859375,129.11083984375,85.14739010872877,140.49319367940245,712.269682937215,0.6774194581418034,Increasing,MEDIUM,MEDIUM,584,2024-01-08,HIGH PRIORITY: Reorder stock within the lead time.,0.0,129.11083984375,0.6774194581418034,HIGH
2024-01-05,S001,P0010,Furniture,West,296.7649841308594,523.0,131.27777099609375,165.48721313476562,98.99422114500332,163.3404648892555,557.1737778775367,1.260588231191782,Stable,MEDIUM,MEDIUM,392,2024-01-08,HIGH PRIORITY: Reorder stock within the lead time.,0.0,165.48721313476562,1.260588231191782,HIGH
2024-01-05,S001,P0011,Electronics,West,308.512939453125,211.0,120.2654800415039,188.2474594116211,105.85252294469231,174.6566628587423,535.453102983254,1.565265937878903,Stable,MEDIUM,MEDIUM,348,2024-01-08,HIGH PRIORITY: Reorder stock within the lead time.,0.0,188.2474594116211,1.565265937878903,HIGH
2024-01-05,S001,P0012,Electronics,East,260.236328125,488.0,134.2349090576172,126.00141906738281,104.88983260605855,173.0682237999966,575.7729509728481,0.9386635708398302,Increasing,MEDIUM,MEDIUM,450,2024-01-08,HIGH PRIORITY: Reorder stock within the lead time.,0.0,126.00141906738281,0.9386635708398302,HIGH
2024-01-05,S001,P0013,Groceries,North,274.6679382324219,350.0,139.68702697753906,134.9809112548828,90.53119986031416,149.37647976951837,568.4375607021356,0.9663095720162118,Stable,MEDIUM,MEDIUM,434,2024-01-08,HIGH PRIORITY: Reorder stock within the lead time.,0.0,134.9809112548828,0.9663095720162118,HIGH
2024-01-05,S001,P0014,Groceries,South,329.2317352294922,481.0,157.84706115722656,171.38467407226562,109.9239937026234,181.3745896093286,654.9157730810083,1.085764111259282,Increasing,MEDIUM,MEDIUM,484,2024-01-08,HIGH PRIORITY: Reorder stock within the lead time.,0.0,171.38467407226562,1.085764111259282,HIGH
2024-01-05,S001,P0015,Electronics,East,284.3743362426758,316.0,129.26837158203125,155.10596466064453,97.88506244435588,161.5103530331872,549.3154677792809,1.1998755980477191,Stable,MEDIUM,MEDIUM,395,2024-01-08,HIGH PRIORITY: Reorder stock within the lead time.,0.0,155.10596466064453,1.1998755980477191,HIGH
2024-01-05,S001,P0016,Electronics,East,366.77391052246094,721.0,141.2657470703125,225.50816345214844,123.54066656893306,203.84209983873953,627.639341049677,1.5963400054785097,Increasing,MEDIUM,MEDIUM,403,2024-01-08,HIGH PRIORITY: Reorder stock within the lead time.,0.0,225.50816345214844,1.5963400054785097,HIGH
2024-01-05,S001,P0017,Toys,East,224.0702896118164,311.0,134.6333770751953,89.4369125366211,88.98619921534826,146.82722870532461,550.7273599309106,0.6642997039780772,Increasing,MEDIUM,MEDIUM,462,2024-01-08,HIGH PRIORITY: Reorder stock within the lead time.,0.0,89.4369125366211,0.6642997039780772,HIGH
2024-01-05,S001,P0018,Electronics,East,216.8551788330078,392.0,117.9896240234375,98.86555480957031,74.08489338975542,122.24007409309644,476.20894616340894,0.8379173645805637,Increasing,MEDIUM,MEDIUM,378,2024-01-08,HIGH PRIORITY: Reorder stock within the lead time.,0.0,98.86555480957031,0.8379173645805637,HIGH
2024-01-05,S001,P0019,Clothing,West,279.13995361328125,541.0,126.32042694091797,152.81952667236328,102.53539200567097,169.1833968093571,548.144677632111,1.209776837944344,Increasing,MEDIUM,MEDIUM,396,2024-01-08,HIGH PRIORITY: Reorder stock within the lead time.,0.0,152.81952667236328,1.209776837944344,HIGH
2024-01-05,S001,P0020,Electronics,South,302.1509704589844,491.0,143.67515563964844,158.47581481933594,104.95196684157636,173.17074528860098,604.1962122075463,1.1030147426240415,Increasing,MEDIUM,MEDIUM,446,2024-01-08,HIGH PRIORITY: Reorder stock within the lead time.,0.0,158.47581481933594,1.1030147426240415,HIGH
2024-01-05,S002,P0001,Clothing,East,247.5100326538086,232.0,134.08023071289062,113.42980194091797,102.78374071076297,169.5931721727589,571.8338643114307,0.8459845373014614,Stable,MEDIUM,MEDIUM,459,2024-01-08,HIGH PRIORITY: Reorder stock within the lead time.,0.0,113.42980194091797,0.8459845373014614,HIGH
2024-01-05,S002,P0002,Groceries,North,243.09097290039062,305.0,138.54920959472656,104.54176330566406,81.75077463510148,134.88877814791744,550.5364069320972,0.7545460823014548,Increasing,MEDIUM,MEDIUM,446,2024-01-08,HIGH PRIORITY: Reorder stock within the lead time.,0.0,104.54176330566406,0.7545460823014548,HIGH
2024-01-05,S002,P0003,Clothing,South,401.5123748779297,470.0,122.55558013916016,278.95679473876953,103.66630301574557,171.04939997598018,538.7161403934606,2.2761655929662115,Increasing,MEDIUM,MEDIUM,260,2024-01-08,HIGH PRIORITY: Reorder stock within the lead time.,0.0,278.95679473876953,2.2761655929662115,HIGH
2024-01-05,S002,P0004,Toys,West,236.83627319335938,488.0,139.66769409179688,97.1685791015625,85.90362355385564,141.74097886386178,560.7440611392524,0.6957126322834417,Stable,MEDIUM,MEDIUM,464,2024-01-08,HIGH PRIORITY: Reorder stock within the lead time.,0.0,97.1685791015625,0.6957126322834417,HIGH
2024-01-05,S002,P0005,Toys,West,304.0677795410156,241.0,150.49462890625,153.57315063476562,101.80318053055889,167.97524787542216,619.4591345941722,1.0204560239185239,Decreasing,MEDIUM,MEDIUM,466,2024-01-08,HIGH PRIORITY: Reorder stock within the lead time.,0.0,153.57315063476562,1.0204560239185239,HIGH
2024-01-05,S002,P0006,Toys,East,255.78662109375,485.0,138.58120727539062,117.20541381835938,100.60241826540036,165.99399013791057,581.7376119640825,0.8457525816285252,Stable,MEDIUM,MEDIUM,465,2024-01-08,HIGH PRIORITY: Reorder stock within the lead time.,0.0,117.20541381835938,0.8457525816285252,HIGH
2024-01-05,S002,P0007,Toys,West,574.774169921875,1088.0,154.7415313720703,420.0326385498047,138.1213857292461,227.90028645325606,692.124880569467,2.714414383943582,Increasing,MEDIUM,MEDIUM,273,2024-01-08,HIGH PRIORITY: Reorder stock within the lead time.,0.0,420.0326385498047,2.714414383943582,HIGH
2024-01-05,S002,P0008,Furniture,North,353.35218811035156,536.0,133.9722137451172,219.37997436523438,119.96491440346502,197.94210876571728,599.8587500010689,1.63750354071633,Increasing,MEDIUM,MEDIUM,381,2024-01-08,HIGH PRIORITY: Reorder stock within the lead time.,0.0,219.37997436523438,1.63750354071633,HIGH
2024-01-05,S002,P0009,Electronics,North,386.4950256347656,786.0,139.05157470703125,247.44345092773438,122.06247858063786,201.40308965805247,618.5578137791463,1.7795084410160384,Stable,MEDIUM,MEDIUM,372,2024-01-08,HIGH PRIORITY: Reorder stock within the lead time.,0.0,247.44345092773438,1.7795084410160384,HIGH
2024-01-05,S002,P0010,Toys,West,297.8230285644531,256.0,120.3554916381836,177.46753692626953,128.312835922342,211.7161792718643,572.7826541864151,1.4745279547341132,Decreasing,MEDIUM,MEDIUM,396,2024-01-08,HIGH PRIORITY: Reorder stock within the lead time.,0.0,177.46753692626953,1.4745279547341132,HIGH
2024-01-05,S002,P0011,Groceries,West,298.2503967285156,603.0,155.9470672607422,142.30332946777344,92.53927380181452,152.68980177299395,620.5310035552205,0.9125104560629118,Increasing,MEDIUM,MEDIUM,479,2024-01-08,HIGH PRIORITY: Reorder stock within the lead time.,0.0,142.30332946777344,0.9125104560629118,HIGH
2024-01-05,S002,P0012,Electronics,North,347.1610870361328,545.0,135.41607666015625,211.74501037597656,110.48854952763014,182.30610672058972,588.5543367010584,1.5636622740694033,Stable,MEDIUM,MEDIUM,377,2024-01-08,HIGH PRIORITY: Reorder stock within the lead time.,0.0,211.74501037597656,1.5636622740694033,HIGH
2024-01-05,S002,P0013,Electronics,South,369.3073425292969,305.0,139.48809814453125,229.81924438476562,112.78407989272544,186.09373182299697,604.5580262565907,1.6475903495840722,Stable,MEDIUM,MEDIUM,375,2024-01-08,HIGH PRIORITY: Reorder stock within the lead time.,0.0,229.81924438476562,1.6475903495840722,HIGH
2024-01-05,S002,P0014,Clothing,West,328.7068328857422,419.0,138.04193115234375,190.66490173339844,105.08073867370575,173.38321881161448,587.5090122686457,1.381210043511922,Stable,MEDIUM,MEDIUM,397,2024-01-08,HIGH PRIORITY: Reorder stock within the lead time.,0.0,190.66490173339844,1.381210043511922,HIGH
2024-01-05,S002,P0015,Toys,South,284.0286407470703,285.0,158.75015258789062,125.27848815917969,98.40293474352055,162.36484232680888,638.6153000904808,0.7891550724010823,Increasing,MEDIUM,MEDIUM,514,2024-01-08,HIGH PRIORITY: Reorder stock within the lead time.,0.0,125.27848815917969,0.7891550724010823,HIGH
2024-01-05,S002,P0016,Toys,North,324.4179992675781,502.0,151.07675170898438,173.34124755859375,113.86576033058127,187.8785045454591,641.1087596724122,1.1473720847036541,Stable,MEDIUM,MEDIUM,468,2024-01-08,HIGH PRIORITY: Reorder stock within the lead time.,0.0,173.34124755859375,1.1473720847036541,HIGH
2024-01-05,S002,P0017,Toys,East,344.6421661376953,512.0,137.6256103515625,207.0165557861328,122.31953557412153,201.82723369730053,614.704064751988,1.504200818854225,Increasing,MEDIUM,MEDIUM,408,2024-01-08,HIGH PRIORITY: Reorder stock within the lead time.,0.0,207.0165557861328,1.504200818854225,HIGH
2024-01-05,S002,P0018,Groceries,East,343.0850524902344,634.0,139.85865783691406,203.2263946533203,121.35236092736515,200.2313955301525,619.8073690408946,1.4530841193277995,Stable,MEDIUM,MEDIUM,417,2024-01-08,HIGH PRIORITY: Reorder stock within the lead time.,0.0,203.2263946533203,1.4530841193277995,HIGH
2024-01-05,S002,P0019,Furniture,West,270.84327697753906,238.0,124.3067398071289,146.53653717041016,106.13894756627367,175.12926348435155,548.0494829057383,1.178830185698478,Decreasing,MEDIUM,MEDIUM,402,2024-01-08,HIGH PRIORITY: Reorder stock within the lead time.,0.0,146.53653717041016,1.178830185698478,HIGH
2024-01-05,S002,P0020,Groceries,East,217.0917739868164,367.0,151.52517700195312,65.56659698486328,97.39889616184041,160.70817866703666,615.2837096728961,0.432710908392591,Stable,MEDIUM,MEDIUM,550,2024-01-08,HIGH PRIORITY: Reorder stock within the lead time.,0.0,65.56659698486328,0.432710908392591,HIGH
2024-01-05,S003,P0001,Clothing,West,280.52757263183594,543.0,146.6153106689453,133.91226196289062,87.2815792368245,144.0146057407604,583.8605377475964,0.9133579661762752,Increasing,MEDIUM,MEDIUM,450,2024-01-08,HIGH PRIORITY: Reorder stock within the lead time.,0.0,133.91226196289062,0.9133579661762752,HIGH
2024-01-05,S003,P0002,Groceries,South,292.6730499267578,376.0,166.3387908935547,126.33425903320312,106.09983319107813,175.0647247652789,674.081097445943,0.759499683474604,Decreasing,MEDIUM,MEDIUM,548,2024-01-08,HIGH PRIORITY: Reorder stock within the lead time.,0.0,126.33425903320312,0.759499683474604,HIGH
2024-01-05,S003,P0003,Groceries,North,303.2370147705078,623.0,141.27120971679688,161.96580505371094,99.91591041190163,164.8612521796377,588.6748813300283,1.1464884131621724,Increasing,MEDIUM,MEDIUM,427,2024-01-08,HIGH PRIORITY: Reorder stock within the lead time.,0.0,161.96580505371094,1.1464884131621724,HIGH
2024-01-05,S003,P0004,Groceries,North,266.3373260498047,257.0,146.0989532470703,120.23837280273438,99.6111155374958,164.35834063686806,602.655200378079,0.8229927054945925,Increasing,MEDIUM,MEDIUM,483,2024-01-08,HIGH PRIORITY: Reorder stock within the lead time.,0.0,120.23837280273438,0.8229927054945925,HIGH
2024-01-05,S003,P0005,Electronics,West,257.7191925048828,262.0,126.98699951171875,130.73219299316406,95.25484475729016,157.17049384952875,538.131492384685,1.0294927315067375,Decreasing,MEDIUM,MEDIUM,408,2024-01-08,HIGH PRIORITY: Reorder stock within the lead time.,0.0,130.73219299316406,1.0294927315067375,HIGH
2024-01-05,S003,P0006,Furniture,North,260.23944091796875,203.0,133.67584228515625,126.5635986328125,100.44474513580502,165.73382947407828,566.761356329547,0.9467948469165284,Decreasing,MEDIUM,MEDIUM,441,2024-01-08,HIGH PRIORITY: Reorder stock within the lead time.,0.0,126.5635986328125,0.9467948469165284,HIGH
2024-01-05,S003,P0007,Electronics,North,286.7366638183594,578.0,114.76886749267578,171.9677963256836,79.51629562448989,131.2018877804083,475.50849025843564,1.498383665210063,Stable,MEDIUM,MEDIUM,304,2024-01-08,HIGH PRIORITY: Reorder stock within the lead time.,0.0,171.9677963256836,1.498383665210063,HIGH
2024-01-05,S003,P0008,Furniture,North,320.7705993652344,629.0,143.9113311767578,176.85926818847656,110.1871183859577,181.8087453368302,613.5427388671037,1.2289460930025777,Increasing,MEDIUM,MEDIUM,437,2024-01-08,HIGH PRIORITY: Reorder stock within the lead time.,0.0,176.85926818847656,1.2289460930025777,HIGH
2024-01-05,S003,P0009,Furniture,South,283.26070404052734,130.0,123.3915023803711,159.86920166015625,101.71577658529283,167.83103136573317,538.0055385068465,1.2956257001178062,Stable,MEDIUM,MEDIUM,379,2024-01-08,HIGH PRIORITY: Reorder stock within the lead time.,0.0,159.86920166015625,1.2956257001178062,HIGH
2024-01-05,S003,P0010,Furniture,East,338.6074981689453,332.0,146.2415313720703,192.365966796875,120.3331354700919,198.54967352565163,637.2742676418626,1.3153990182683062,Decreasing,MEDIUM,MEDIUM,445,2024-01-08,HIGH PRIORITY: Reorder stock within the lead time.,0.0,192.365966796875,1.3153990182683062,HIGH
2024-01-05,S003,P0011,Toys,West,299.5884094238281,557.0,138.7472381591797,160.84117126464844,114.48150886940594,188.8944896345198,605.1362041120589,1.1592387235854107,Stable,MEDIUM,MEDIUM,445,2024-01-08,HIGH PRIORITY: Reorder stock within the lead time.,0.0,160.84117126464844,1.1592387235854107,HIGH
2024-01-05,S003,P0012,Clothing,North,334.5989532470703,680.0,139.33645629882812,195.2624969482422,103.35321749291391,170.53280886330793,588.5421777597924,1.4013740706127347,Increasing,MEDIUM,MEDIUM,394,2024-01-08,HIGH PRIORITY: Reorder stock within the lead time.,0.0,195.2624969482422,1.4013740706127347,HIGH
2024-01-05,S003,P0013,Groceries,West,304.75103759765625,335.0,148.3952178955078,156.35581970214844,87.22054391267737,143.91389745591766,589.0995511424411,1.0536445979832454,Increasing,MEDIUM,MEDIUM,433,2024-01-08,HIGH PRIORITY: Reorder stock within the lead time.,0.0,156.35581970214844,1.0536445979832454,HIGH
2024-01-05,S003,P0014,Electronics,West,295.1445007324219,521.0,197.1715087890625,97.97299194335938,121.26216733801697,200.082576107728,791.5971024749155,0.49689223633305246,Increasing,MEDIUM,MEDIUM,694,2024-01-08,HIGH PRIORITY: Reorder stock within the lead time.,0.0,97.97299194335938,0.49689223633305246,HIGH
2024-01-05,S003,P0015,Clothing,East,286.7518310546875,422.0,141.47738647460938,145.27444458007812,90.29437454279238,148.98571799560742,573.4178774194355,1.02683862205887,Decreasing,MEDIUM,MEDIUM,429,2024-01-08,HIGH PRIORITY: Reorder stock within the lead time.,0.0,145.27444458007812,1.02683862205887,HIGH
2024-01-05,S003,P0016,Furniture,East,312.05894470214844,570.0,140.37933349609375,171.6796112060547,107.05690026420478,176.64388543593788,597.7818859242191,1.222969271405124,Increasing,MEDIUM,MEDIUM,427,2024-01-08,HIGH PRIORITY: Reorder stock within the lead time.,0.0,171.6796112060547,1.222969271405124,HIGH
2024-01-05,S003,P0017,Clothing,North,390.2917709350586,577.0,157.6126251220703,232.67914581298828,105.80327032082708,174.57539602936467,647.4132713955756,1.4762722569513658,Increasing,MEDIUM,MEDIUM,415,2024-01-08,HIGH PRIORITY: Reorder stock within the lead time.,0.0,232.67914581298828,1.4762722569513658,HIGH
2024-01-05,S003,P0018,Electronics,North,374.3556137084961,361.0,113.2498779296875,261.1057357788086,130.71395321899482,215.67802281134144,555.4276566004039,2.3055718959884364,Stable,MEDIUM,MEDIUM,295,2024-01-08,HIGH PRIORITY: Reorder stock within the lead time.,0.0,261.1057357788086,2.3055718959884364,HIGH
2024-01-05,S003,P0019,Electronics,West,294.32489013671875,441.0,140.1827850341797,154.14210510253906,107.17726872437518,176.84249339521904,597.390848497758,1.0995794174367115,Stable,MEDIUM,MEDIUM,444,2024-01-08,HIGH PRIORITY: Reorder stock within the lead time.,0.0,154.14210510253906,1.0995794174367115,HIGH
2024-01-05,S003,P0020,Groceries,West,281.1162872314453,281.0,153.61769104003906,127.49859619140625,85.75626837810496,141.49784282387319,602.3509159439903,0.8299733925708784,Increasing,MEDIUM,MEDIUM,475,2024-01-08,HIGH PRIORITY: Reorder stock within the lead time.,0.0,127.49859619140625,0.8299733925708784,HIGH
2024-01-05,S004,P0001,Electronics,East,301.6331481933594,211.0,129.74481201171875,171.88833618164062,125.43566406770375,206.9688457117112,596.2032817468674,1.324818568977659,Decreasing,MEDIUM,MEDIUM,425,2024-01-08,HIGH PRIORITY: Reorder stock within the lead time.,0.0,171.88833618164062,1.324818568977659,HIGH
2024-01-05,S004,P0002,Furniture,West,298.14915466308594,500.0,133.77590942382812,164.3732452392578,117.93716379146399,194.59632025591557,595.9240485273999,1.2287208208653724,Stable,MEDIUM,MEDIUM,432,2024-01-08,HIGH PRIORITY: Reorder stock within the lead time.,0.0,164.3732452392578,1.2287208208653724,HIGH
2024-01-05,S004,P0003,Furniture,West,322.7409210205078,300.0,133.5328826904297,189.20803833007812,108.19576124471213,178.523006053775,579.1216541250641,1.4169396669786616,Stable,MEDIUM,MEDIUM,390,2024-01-08,HIGH PRIORITY: Reorder stock within the lead time.,0.0,189.20803833007812,1.4169396669786616,HIGH
2024-01-05,S004,P0004,Furniture,South,365.1193542480469,727.0,159.7235107421875,205.39584350585938,94.21973501134711,155.46256276872273,634.6330949952852,1.2859462113714266,Increasing,MEDIUM,MEDIUM,430,2024-01-08,HIGH PRIORITY: Reorder stock within the lead time.,0.0,205.39584350585938,1.2859462113714266,HIGH
2024-01-05,S004,P0005,Toys,East,271.3681640625,471.0,141.74111938476562,129.62704467773438,101.11177611851782,166.8344305955544,592.0577887498513,0.9145338010620137,Increasing,MEDIUM,MEDIUM,463,2024-01-08,HIGH PRIORITY: Reorder stock within the lead time.,0.0,129.62704467773438,0.9145338010620137,HIGH
2024-01-05,S004,P0006,Toys,East,282.8934555053711,307.0,127.08182525634766,155.81163024902344,100.29202730397238,165.48184505155442,546.7273208205974,1.2260732794380504,Stable,MEDIUM,MEDIUM,391,2024-01-08,HIGH PRIORITY: Reorder stock within the lead time.,0.0,155.81163024902344,1.2260732794380504,HIGH
2024-01-05,S004,P0007,Electronics,South,325.88702392578125,565.0,151.37185668945312,174.51516723632812,103.75981498802513,171.20369473024144,625.3192647986008,1.1528904451132858,Stable,MEDIUM,MEDIUM,451,2024-01-08,HIGH PRIORITY: Reorder stock within the lead time.,0.0,174.51516723632812,1.1528904451132858,HIGH
2024-01-05,S004,P0008,Furniture,West,288.2659378051758,254.0,132.2460479736328,156.01988983154297,123.72212421860539,204.14150496069888,600.8796488815973,1.179769771741309,Decreasing,MEDIUM,MEDIUM,445,2024-01-08,HIGH PRIORITY: Reorder stock within the lead time.,0.0,156.01988983154297,1.179769771741309,HIGH
2024-01-05,S004,P0009,Clothing,East,341.24292755126953,600.0,120.52050018310547,220.72242736816406,125.70438047196791,207.41222777874705,568.9737283280634,1.8314098185190313,Stable,MEDIUM,MEDIUM,349,2024-01-08,HIGH PRIORITY: Reorder stock within the lead time.,0.0,220.72242736816406,1.8314098185190313,HIGH
2024-01-05,S004,P0010,Toys,North,315.2759246826172,336.0,137.63296508789062,177.64295959472656,105.30693360149778,173.75644044247133,586.6553357061432,1.2907006652169855,Stable,MEDIUM,MEDIUM,410,2024-01-08,HIGH PRIORITY: Reorder stock within the lead time.,0.0,177.64295959472656,1.2907006652169855,HIGH
2024-01-05,S004,P0011,Groceries,East,276.6255874633789,515.0,132.95008850097656,143.67549896240234,99.84556196139238,164.74517723629742,563.5954427392271,1.0806724582311729,Decreasing,MEDIUM,MEDIUM,420,2024-01-08,HIGH PRIORITY: Reorder stock within the lead time.,0.0,143.67549896240234,1.0806724582311729,HIGH
2024-01-05,S004,P0012,Clothing,East,267.48878479003906,595.0,131.30650329589844,136.18228149414062,87.52913347194296,144.42307022870588,538.3425801164012,1.0371328005533331,Stable,MEDIUM,MEDIUM,403,2024-01-08,HIGH PRIORITY: Reorder stock within the lead time.,0.0,136.18228149414062,1.0371328005533331,HIGH
2024-01-05,S004,P0013,Electronics,West,424.1016845703125,735.0,114.55606079101562,309.5456237792969,114.14107000739858,188.33276551220766,532.0009478852545,2.7021322280276405,Stable,MEDIUM,MEDIUM,223,2024-01-08,HIGH PRIORITY: Reorder stock within the lead time.,0.0,309.5456237792969,2.7021322280276405,HIGH
2024-01-05,S004,P0014,Furniture,South,313.1829376220703,391.0,160.66220092773438,152.52073669433594,91.23326113051061,150.5348808653425,632.5214836485457,0.9493255776007921,Increasing,MEDIUM,MEDIUM,481,2024-01-08,HIGH PRIORITY: Reorder stock within the lead time.,0.0,152.52073669433594,0.9493255776007921,HIGH
2024-01-05,S004,P0015,Toys,North,205.97610473632812,547.0,135.8701629638672,70.10594177246094,69.47360657531758,114.63145084927399,522.2419397408755,0.5159774614468127,Increasing,MEDIUM,MEDIUM,453,2024-01-08,HIGH PRIORITY: Reorder stock within the lead time.,0.0,70.10594177246094,0.5159774614468127,HIGH
2024-01-05,S004,P0016,Clothing,West,280.6065673828125,392.0,150.44903564453125,130.15753173828125,89.63898050177067,147.9043178279216,599.2514247615154,0.865127059011577,Stable,MEDIUM,MEDIUM,470,2024-01-08,HIGH PRIORITY: Reorder stock within the lead time.,0.0,130.15753173828125,0.865127059011577,HIGH
2024-01-05,S004,P0017,Electronics,North,305.2523956298828,587.0,140.24703979492188,165.00535583496094,108.11734268081042,178.3936154233372,599.1347348081028,1.1765336086682632,Stable,MEDIUM,MEDIUM,435,2024-01-08,HIGH PRIORITY: Reorder stock within the lead time.,0.0,165.00535583496094,1.1765336086682632,HIGH
2024-01-05,S004,P0018,Toys,North,307.14078521728516,608.0,129.07923889160156,178.0615463256836,86.61894290420122,142.921255791932,530.1589724667367,1.3794747153352562,Increasing,MEDIUM,MEDIUM,353,2024-01-08,HIGH PRIORITY: Reorder stock within the lead time.,0.0,178.0615463256836,1.3794747153352562,HIGH
2024-01-05,S004,P0019,Clothing,East,270.02703857421875,656.0,154.24490356445312,115.78213500976562,83.20043370867828,137.28071561931915,600.0154263126785,0.7506383182468304,Increasing,MEDIUM,MEDIUM,485,2024-01-08,HIGH PRIORITY: Reorder stock within the lead time.,0.0,115.78213500976562,0.7506383182468304,HIGH
2024-01-05,S004,P0020,Toys,West,282.63243103027344,462.0,140.3465118408203,142.28591918945312,109.01183737480387,179.8695316684264,600.9090671908873,1.0138187071641116,Stable,MEDIUM,MEDIUM,459,2024-01-08,HIGH PRIORITY: Reorder stock within the lead time.,0.0,142.28591918945312,1.0138187071641116,HIGH
2024-01-05,S005,P0001,Toys,North,273.5162353515625,380.0,140.32437133789062,133.19186401367188,90.09186963064411,148.6515848905628,569.6246989042347,0.9491712860979494,Increasing,MEDIUM,MEDIUM,437,2024-01-08,HIGH PRIORITY: Reorder stock within the lead time.,0.0,133.19186401367188,0.9491712860979494,HIGH
2024-01-05,S005,P0002,Groceries,North,492.28087615966797,678.0,134.21023559570312,358.07064056396484,134.43337879162797,221.81507500618613,624.4457817932955,2.667983101099845,Decreasing,MEDIUM,MEDIUM,267,2024-01-08,HIGH PRIORITY: Reorder stock within the lead time.,0.0,358.07064056396484,2.667983101099845,HIGH
2024-01-05,S005,P0003,Furniture,South,318.3030242919922,629.0,142.28146362304688,176.0215606689453,107.92557571854735,178.07719993560312,604.9215908047438,1.237136280347015,Increasing,MEDIUM,MEDIUM,429,2024-01-08,HIGH PRIORITY: Reorder stock within the lead time.,0.0,176.0215606689453,1.237136280347015,HIGH
2024-01-05,S005,P0004,Toys,North,358.45948791503906,637.0,152.7403106689453,205.71917724609375,118.0719615117751,194.81873649442892,653.0396685012648,1.3468558257156926,Increasing,MEDIUM,MEDIUM,448,2024-01-08,HIGH PRIORITY: Reorder stock within the lead time.,0.0,205.71917724609375,1.3468558257156926,HIGH
2024-01-05,S005,P0005,Toys,South,338.5292282104492,317.0,130.25958251953125,208.26964569091797,116.05663642008093,191.49345009313353,582.2721976517273,1.5988815691136566,Decreasing,MEDIUM,MEDIUM,375,2024-01-08,HIGH PRIORITY: Reorder stock within the lead time.,0.0,208.26964569091797,1.5988815691136566,HIGH
2024-01-05,S005,P0006,Furniture,North,280.2096176147461,159.0,119.73726654052734,160.47235107421875,120.61230468873416,199.01030273641135,558.2221023579934,1.340203895667719,Decreasing,MEDIUM,MEDIUM,398,2024-01-08,HIGH PRIORITY: Reorder stock within the lead time.,0.0,160.47235107421875,1.340203895667719,HIGH
2024-01-05,S005,P0007,Groceries,South,319.0314254760742,676.0,126.23477935791016,192.79664611816406,98.46388965573911,162.4654179319695,541.1697560057,1.5272862764035322,Increasing,MEDIUM,MEDIUM,349,2024-01-08,HIGH PRIORITY: Reorder stock within the lead time.,0.0,192.79664611816406,1.5272862764035322,HIGH
2024-01-05,S005,P0008,Electronics,West,277.9241256713867,216.0,116.04546356201172,161.878662109375,119.66797098816075,197.4521521304652,545.5885428165004,1.3949589853882671,Decreasing,MEDIUM,MEDIUM,384,2024-01-08,HIGH PRIORITY: Reorder stock within the lead time.,0.0,161.878662109375,1.3949589853882671,HIGH
2024-01-05,S005,P0009,Furniture,North,310.34242248535156,407.0,130.7901153564453,179.55230712890625,96.30149965591832,158.89747443226523,551.2678205016011,1.3728278061348,Decreasing,MEDIUM,MEDIUM,372,2024-01-08,HIGH PRIORITY: Reorder stock within the lead time.,0.0,179.55230712890625,1.3728278061348,HIGH
2024-01-05,S005,P0010,Toys,North,307.68819427490234,386.0,129.37118530273438,178.31700897216797,123.69066104451714,204.08959072345328,592.2031466316564,1.3783363625748513,Decreasing,MEDIUM,MEDIUM,414,2024-01-08,HIGH PRIORITY: Reorder stock within the lead time.,0.0,178.31700897216797,1.3783363625748513,HIGH
2024-01-05,S005,P0011,Groceries,North,281.81890869140625,546.0,144.83155822753906,136.9873504638672,96.82160544229414,159.75564897978532,594.2503236624025,0.9458390984694913,Increasing,MEDIUM,MEDIUM,458,2024-01-08,HIGH PRIORITY: Reorder stock within the lead time.,0.0,136.9873504638672,0.9458390984694913,HIGH
2024-01-05,S005,P0012,Electronics,North,316.6924362182617,189.0,121.91494750976562,194.7774887084961,110.22590439638044,181.8727422540277,547.6175847833246,1.5976505972977106,Decreasing,MEDIUM,MEDIUM,353,2024-01-08,HIGH PRIORITY: Reorder stock within the lead time.,0.0,194.7774887084961,1.5976505972977106,HIGH
2024-01-05,S005,P0013,Electronics,West,301.81980895996094,275.0,165.07034301757812,136.7494659423828,112.72117588130233,185.98994020414884,681.2009692568832,0.8284314640808649,Decreasing,MEDIUM,MEDIUM,545,2024-01-08,HIGH PRIORITY: Reorder stock within the lead time.,0.0,136.7494659423828,0.8284314640808649,HIGH
2024-01-05,S005,P0014,Toys,West,298.4439392089844,373.0,133.5535888671875,164.89035034179688,114.04554460120852,188.17514859199406,588.8359151935565,1.234638108495701,Stable,MEDIUM,MEDIUM,424,2024-01-08,HIGH PRIORITY: Reorder stock within the lead time.,0.0,164.89035034179688,1.234638108495701,HIGH
2024-01-05,S005,P0015,Furniture,North,313.118408203125,320.0,128.34751892089844,184.77088928222656,102.78013725305398,169.58722646753907,554.6297832302344,1.4396140325556452,Stable,MEDIUM,MEDIUM,370,2024-01-08,HIGH PRIORITY: Reorder stock within the lead time.,0.0,184.77088928222656,1.4396140325556452,HIGH
2024-01-05,S005,P0016,Furniture,East,314.2169189453125,649.0,148.9432373046875,165.273681640625,96.57560023549718,159.34974038857032,606.1794523026329,1.1096420665446591,Increasing,MEDIUM,MEDIUM,441,2024-01-08,HIGH PRIORITY: Reorder stock within the lead time.,0.0,165.273681640625,1.1096420665446591,HIGH
2024-01-05,S005,P0017,Toys,North,268.91477966308594,362.0,142.4161834716797,126.49859619140625,96.2129678639277,158.7513969754807,585.9999473905198,0.8882318926666172,Stable,MEDIUM,MEDIUM,460,2024-01-08,HIGH PRIORITY: Reorder stock within the lead time.,0.0,126.49859619140625,0.8882318926666172,HIGH
2024-01-05,S005,P0018,Clothing,West,289.66358947753906,427.0,142.78297424316406,146.880615234375,100.06343887225644,165.1046741392231,593.4535968687153,1.0286983865753667,Increasing,MEDIUM,MEDIUM,447,2024-01-08,HIGH PRIORITY: Reorder stock within the lead time.,0.0,146.880615234375,1.0286983865753667,HIGH
2024-01-05,S005,P0019,Toys,East,306.22930908203125,362.0,137.15029907226562,169.07901000976562,100.38631069852788,165.637412652571,577.0883098693679,1.2328008845294351,Increasing,MEDIUM,MEDIUM,409,2024-01-08,HIGH PRIORITY: Reorder stock within the lead time.,0.0,169.07901000976562,1.2328008845294351,HIGH
2024-01-05,S005,P0020,Groceries,East,296.85426330566406,620.0,141.11671447753906,155.737548828125,110.69990775388919,182.65484779391716,606.0049912265343,1.1036080977701126,Stable,MEDIUM,MEDIUM,451,2024-01-08,HIGH PRIORITY: Reorder stock within the lead time.,0.0,155.737548828125,1.1036080977701126,HIGH
2024-01-06,S001,P0001,Toys,East,666.1031112670898,519.0,120.23506927490234,545.8680419921875,87.05547705145314,143.64153713489767,504.34674495960473,4.540006882219438,Increasing,LOW,LOW,0,,Monitor increasing demand and maintain sufficient stock.,0.0,545.8680419921875,4.540006882219438,NORMAL
2024-01-06,S001,P0002,Furniture,West,709.3114013671875,589.0,126.66062927246094,582.6507720947266,87.0502120502266,143.6328498828739,523.6147377002567,4.600093773743858,Increasing,LOW,LOW,0,,Monitor increasing demand and maintain sufficient stock.,0.0,582.6507720947266,4.600093773743858,NORMAL
2024-01-06,S001,P0003,Toys,East,1009.5329208374023,830.0,157.60374450683594,851.9291763305664,109.84288924395752,181.24076725252988,654.0520007730377,5.405513549163261,Increasing,LOW,LOW,0,,Monitor increasing demand and maintain sufficient stock.,0.0,851.9291763305664,5.405513549163261,NORMAL
2024-01-06,S001,P0004,Groceries,West,693.1311187744141,575.0,137.74630737304688,555.3848114013672,106.22189015024138,175.26611874789828,588.5050408670389,4.031939744832975,Stable,LOW,LOW,34,2024-01-09,Inventory is currently within a manageable range.,0.0,555.3848114013672,4.031939744832975,NORMAL
2024-01-06,S001,P0005,Groceries,North,627.8722229003906,453.0,154.13417053222656,473.73805236816406,114.87713703673423,189.54727611061145,651.9497877072911,3.0735433339170846,Stable,MEDIUM,MEDIUM,179,2024-01-09,HIGH PRIORITY: Reorder stock within the lead time.,0.0,473.73805236816406,3.0735433339170846,HIGH
2024-01-06,S001,P0006,Electronics,North,656.2572021484375,509.0,127.75177764892578,528.5054244995117,97.07540161072525,160.17441265769665,543.429745604474,4.136971197002797,Stable,LOW,LOW,15,2024-01-09,Inventory is currently within a manageable range.,0.0,528.5054244995117,4.136971197002797,NORMAL
2024-01-06,S001,P0007,Clothing,East,853.6094360351562,634.0,149.7758026123047,703.8336334228516,116.37994245268816,192.02690504693544,641.3543128838495,4.699247950249534,Stable,LOW,LOW,0,,Inventory is currently within a manageable range.,0.0,703.8336334228516,4.699247950249534,NORMAL
2024-01-06,S001,P0008,Electronics,East,508.7156677246094,418.0,114.44625091552734,394.26941680908203,87.13770042856787,143.77720570713697,487.11595845371903,3.4450181954854235,Stable,LOW,LOW,93,2024-01-09,Inventory is currently within a manageable range.,0.0,394.26941680908203,3.4450181954854235,NORMAL
2024-01-06,S001,P0009,Electronics,South,953.11083984375,824.0,176.0014190673828,777.1094207763672,85.14739010872877,140.49319367940245,668.4974508815509,4.415358835708296,Increasing,LOW,LOW,0,,Monitor increasing demand and maintain sufficient stock.,0.0,777.1094207763672,4.415358835708296,NORMAL
2024-01-06,S001,P0010,Furniture,West,800.4872131347656,635.0,136.68145751953125,663.8057556152344,98.99422114500332,163.3404648892555,573.3848374478492,4.856589676916338,Stable,LOW,LOW,0,,Inventory is currently within a manageable range.,0.0,663.8057556152344,4.856589676916338,NORMAL
2024-01-06,S001,P0011,Electronics,West,494.2474594116211,306.0,131.2508087158203,362.9966506958008,105.85252294469231,174.6566628587423,568.4090890062032,2.7656717261205492,Increasing,MEDIUM,MEDIUM,206,2024-01-09,HIGH PRIORITY: Reorder stock within the lead time.,0.0,362.9966506958008,2.7656717261205492,HIGH
2024-01-06,S001,P0012,Electronics,East,801.0014190673828,675.0,155.34202575683594,645.6593933105469,104.88983260605855,173.0682237999966,639.0943010705043,4.15637294650211,Increasing,LOW,LOW,0,,Monitor increasing demand and maintain sufficient stock.,0.0,645.6593933105469,4.15637294650211,NORMAL
2024-01-06,S001,P0013,Groceries,North,627.9809112548828,493.0,157.63543701171875,470.34547424316406,90.53119986031416,149.37647976951837,622.2827908046746,2.983754688409296,Stable,LOW,LOW,152,2024-01-09,Inventory is currently within a manageable range.,0.0,470.34547424316406,2.983754688409296,NORMAL
2024-01-06,S001,P0014,Groceries,South,849.3846740722656,678.0,151.4904022216797,697.8942718505859,109.9239937026234,181.3745896093286,635.8457962743677,4.606854702447353,Increasing,LOW,LOW,0,,Monitor increasing demand and maintain sufficient stock.,0.0,697.8942718505859,4.606854702447353,NORMAL
2024-01-06,S001,P0015,Electronics,East,601.1059646606445,446.0,127.29412841796875,473.8118362426758,97.88506244435588,161.5103530331872,543.3927382870934,3.7221813930562475,Decreasing,LOW,LOW,70,2024-01-09,Demand is decreasing; avoid excessive ordering.,0.0,473.8118362426758,3.7221813930562475,NORMAL
2024-01-06,S001,P0016,Electronics,East,1062.5081634521484,837.0,140.77328491210938,921.7348785400391,123.54066656893306,203.84209983873953,626.1619545750676,6.5476548275158635,Increasing,LOW,LOW,0,,Monitor increasing demand and maintain sufficient stock.,0.0,921.7348785400391,6.5476548275158635,NORMAL
2024-01-06,S001,P0017,Toys,East,566.4369125366211,477.0,129.73863220214844,436.69828033447266,88.98619921534826,146.82722870532461,536.0431253117699,3.365984926170981,Stable,LOW,LOW,100,2024-01-09,Inventory is currently within a manageable range.,0.0,436.69828033447266,3.365984926170981,NORMAL
2024-01-06,S001,P0018,Electronics,East,613.8655548095703,515.0,118.09989929199219,495.7656555175781,74.08489338975542,122.24007409309644,476.539771969073,4.197849943054047,Increasing,LOW,LOW,0,,Monitor increasing demand and maintain sufficient stock.,0.0,495.7656555175781,4.197849943054047,NORMAL
2024-01-06,S001,P0019,Clothing,West,830.8195266723633,678.0,140.6589813232422,690.1605453491211,102.53539200567097,169.1833968093571,591.1603407790836,4.906622661819893,Increasing,LOW,LOW,0,,Monitor increasing demand and maintain sufficient stock.,0.0,690.1605453491211,4.906622661819893,NORMAL
2024-01-06,S001,P0020,Electronics,South,717.4758148193359,559.0,137.26119995117188,580.2146148681641,104.95196684157636,173.17074528860098,584.9543451421166,4.227083947062714,Increasing,LOW,LOW,5,2024-01-09,Monitor increasing demand and maintain sufficient stock.,0.0,580.2146148681641,4.227083947062714,NORMAL
2024-01-06,S002,P0001,Clothing,East,543.429801940918,430.0,139.1074981689453,404.32230377197266,102.78374071076297,169.5931721727589,586.9156666795948,2.9065457225096907,Stable,MEDIUM,MEDIUM,183,2024-01-09,HIGH PRIORITY: Reorder stock within the lead time.,0.0,404.32230377197266,2.9065457225096907,HIGH
2024-01-06,S002,P0002,Groceries,North,611.5417633056641,507.0,153.32167053222656,458.2200927734375,81.75077463510148,134.88877814791744,594.8537897445972,2.9886192289897116,Increasing,LOW,LOW,137,2024-01-09,Monitor increasing demand and maintain sufficient stock.,0.0,458.2200927734375,2.9886192289897116,NORMAL
2024-01-06,S002,P0003,Clothing,South,748.9567947387695,470.0,141.55113220214844,607.4056625366211,103.66630301574557,171.04939997598018,595.7027965824254,4.291068909778752,Increasing,LOW,LOW,0,,Monitor increasing demand and maintain sufficient stock.,0.0,607.4056625366211,4.291068909778752,NORMAL
2024-01-06,S002,P0004,Toys,West,728.1685791015625,631.0,141.80909729003906,586.3594818115234,85.90362355385564,141.74097886386178,567.1682707339789,4.134850958202316,Stable,LOW,LOW,0,,Inventory is currently within a manageable range.,0.0,586.3594818115234,4.134850958202316,NORMAL
2024-01-06,S002,P0005,Toys,West,526.5731506347656,373.0,123.1913070678711,403.38184356689453,101.80318053055889,167.97524787542216,537.5491690790354,3.274434318199539,Decreasing,MEDIUM,MEDIUM,135,2024-01-09,HIGH PRIORITY: Reorder stock within the lead time.,0.0,403.38184356689453,3.274434318199539,HIGH
2024-01-06,S002,P0006,Toys,East,764.2054138183594,647.0,149.28533935546875,614.9200744628906,100.60241826540036,165.99399013791057,613.8500082043169,4.119092183584632,Stable,LOW,LOW,0,,Inventory is currently within a manageable range.,0.0,614.9200744628906,4.119092183584632,NORMAL
2024-01-06,S002,P0007,Toys,West,1549.0326385498047,1129.0,148.516845703125,1400.5157928466797,138.1213857292461,227.90028645325606,673.4508235626311,9.430013048123946,Increasing,LOW,LOW,0,,Monitor increasing demand and maintain sufficient stock.,0.0,1400.5157928466797,9.430013048123946,NORMAL
2024-01-06,S002,P0008,Furniture,North,855.3799743652344,636.0,133.0953369140625,722.2846374511719,119.96491440346502,197.94210876571728,597.2281195079048,5.426821511542056,Increasing,LOW,LOW,0,,Monitor increasing demand and maintain sufficient stock.,0.0,722.2846374511719,5.426821511542056,NORMAL
2024-01-06,S002,P0009,Electronics,North,1132.4434509277344,885.0,150.56768798828125,981.8757629394531,122.06247858063786,201.40308965805247,653.1061536228963,6.521158530480145,Increasing,LOW,LOW,0,,Monitor increasing demand and maintain sufficient stock.,0.0,981.8757629394531,6.521158530480145,NORMAL
2024-01-06,S002,P0010,Toys,West,596.4675369262695,419.0,119.32075500488281,477.1467819213867,128.312835922342,211.7161792718643,569.6784442865128,3.9988582196103355,Decreasing,LOW,LOW,93,2024-01-09,Demand is decreasing; avoid excessive ordering.,0.0,477.1467819213867,3.9988582196103355,NORMAL
2024-01-06,S002,P0011,Groceries,West,967.3033294677734,825.0,134.84326171875,832.4600677490234,92.53927380181452,152.68980177299395,557.219586929244,6.173538500465312,Stable,LOW,LOW,0,,Inventory is currently within a manageable range.,0.0,832.4600677490234,6.173538500465312,NORMAL
2024-01-06,S002,P0012,Electronics,North,871.7450103759766,660.0,131.71434020996094,740.0306701660156,110.48854952763014,182.30610672058972,577.4491273504725,5.618451787302432,Stable,LOW,LOW,0,,Inventory is currently within a manageable range.,0.0,740.0306701660156,5.618451787302432,NORMAL
2024-01-06,S002,P0013,Electronics,South,578.8192443847656,349.0,140.6536407470703,438.1656036376953,112.78407989272544,186.09373182299697,608.0546540642079,3.1152098254294347,Increasing,MEDIUM,MEDIUM,170,2024-01-09,HIGH PRIORITY: Reorder stock within the lead time.,0.0,438.1656036376953,3.1152098254294347,HIGH
2024-01-06,S002,P0014,Clothing,West,713.6649017333984,523.0,142.86546325683594,570.7994384765625,105.08073867370575,173.38321881161448,601.9796085821223,3.99536336819494,Stable,LOW,LOW,32,2024-01-09,Inventory is currently within a manageable range.,0.0,570.7994384765625,3.99536336819494,NORMAL
2024-01-06,S002,P0015,Toys,South,655.2784881591797,530.0,120.90404510498047,534.3744430541992,98.40293474352055,162.36484232680888,525.0769776417503,4.419822699812931,Stable,LOW,LOW,0,,Inventory is currently within a manageable range.,0.0,534.3744430541992,4.419822699812931,NORMAL
2024-01-06,S002,P0016,Toys,North,823.3412475585938,650.0,159.5697479248047,663.7714996337891,113.86576033058127,187.8785045454591,666.5877483198732,4.159757775305776,Stable,LOW,LOW,3,2024-01-09,Inventory is currently within a manageable range.,0.0,663.7714996337891,4.159757775305776,NORMAL
2024-01-06,S002,P0017,Toys,East,836.0165557861328,629.0,121.77294921875,714.2436065673828,122.31953557412153,201.82723369730053,567.1460813535505,5.8653716703890675,Stable,LOW,LOW,0,,Inventory is currently within a manageable range.,0.0,714.2436065673828,5.8653716703890675,NORMAL
2024-01-06,S002,P0018,Groceries,East,1008.2263946533203,805.0,147.12527465820312,861.1011199951172,121.35236092736515,200.2313955301525,641.6072195047618,5.8528429054464,Stable,LOW,LOW,0,,Inventory is currently within a manageable range.,0.0,861.1011199951172,5.8528429054464,NORMAL
2024-01-06,S002,P0019,Furniture,West,544.5365371704102,398.0,125.57194519042969,418.96459197998047,106.13894756627367,175.12926348435155,551.8450990556406,3.336450600845764,Decreasing,MEDIUM,MEDIUM,133,2024-01-09,HIGH PRIORITY: Reorder stock within the lead time.,0.0,418.96459197998047,3.336450600845764,HIGH
2024-01-06,S002,P0020,Groceries,East,642.5665969848633,577.0,148.0251922607422,494.5414047241211,97.39889616184041,160.70817866703666,604.7837554492633,3.3409272919774384,Decreasing,LOW,LOW,111,2024-01-09,Demand is decreasing; avoid excessive ordering.,0.0,494.5414047241211,3.3409272919774384,NORMAL
2024-01-06,S003,P0001,Clothing,West,782.9122619628906,649.0,136.166259765625,646.7460021972656,87.2815792368245,144.0146057407604,552.5133850376354,4.749678836082239,Increasing,LOW,LOW,0,,Monitor increasing demand and maintain sufficient stock.,0.0,646.7460021972656,4.749678836082239,NORMAL
2024-01-06,S003,P0002,Groceries,South,766.3342590332031,640.0,194.6483612060547,571.6858978271484,106.09983319107813,175.0647247652789,759.009808383443,2.9370188080954964,Stable,LOW,LOW,188,2024-01-09,Inventory is currently within a manageable range.,0.0,571.6858978271484,2.9370188080954964,NORMAL
2024-01-06,S003,P0003,Groceries,North,945.9658050537109,784.0,146.9211883544922,799.0446166992188,99.91591041190163,164.8612521796377,605.6248172431142,5.438593477553965,Stable,LOW,LOW,0,,Inventory is currently within a manageable range.,0.0,799.0446166992188,5.438593477553965,NORMAL
2024-01-06,S003,P0004,Groceries,North,558.2383728027344,438.0,140.83218383789062,417.40618896484375,99.6111155374958,164.35834063686806,586.85489215054,2.963855118836419,Stable,MEDIUM,MEDIUM,170,2024-01-09,HIGH PRIORITY: Reorder stock within the lead time.,0.0,417.40618896484375,2.963855118836419,HIGH
2024-01-06,S003,P0005,Electronics,West,521.7321929931641,391.0,148.13970947265625,373.5924835205078,95.25484475729016,157.17049384952875,601.5896222674975,2.521892913455901,Stable,MEDIUM,MEDIUM,228,2024-01-09,HIGH PRIORITY: Reorder stock within the lead time.,0.0,373.5924835205078,2.521892913455901,HIGH
2024-01-06,S003,P0006,Furniture,North,456.5635986328125,330.0,147.70079040527344,308.86280822753906,100.44474513580502,165.73382947407828,608.8362006898985,2.0911384927599657,Decreasing,MEDIUM,MEDIUM,300,2024-01-09,HIGH PRIORITY: Reorder stock within the lead time.,0.0,308.86280822753906,2.0911384927599657,HIGH
2024-01-06,S003,P0007,Electronics,North,864.9677963256836,693.0,121.03900909423828,743.9287872314453,79.51629562448989,131.2018877804083,494.31891506312314,6.146190329864969,Stable,LOW,LOW,0,,Inventory is currently within a manageable range.,0.0,743.9287872314453,6.146190329864969,NORMAL
2024-01-06,S003,P0008,Furniture,North,938.8592681884766,762.0,152.85589599609375,786.0033721923828,110.1871183859577,181.8087453368302,640.3764333251115,5.142120080290977,Increasing,LOW,LOW,0,,Monitor increasing demand and maintain sufficient stock.,0.0,786.0033721923828,5.142120080290977,NORMAL
2024-01-06,S003,P0009,Furniture,South,398.86920166015625,239.0,137.83538818359375,261.0338134765625,101.71577658529283,167.83103136573317,581.3371959165145,1.8938083819872957,Increasing,MEDIUM,MEDIUM,321,2024-01-09,HIGH PRIORITY: Reorder stock within the lead time.,0.0,261.0338134765625,1.8938083819872957,HIGH
2024-01-06,S003,P0010,Furniture,East,672.365966796875,480.0,140.81394958496094,531.5520172119141,120.3331354700919,198.54967352565163,620.9915222805345,3.774853406062579,Decreasing,LOW,LOW,90,2024-01-09,Demand is decreasing; avoid excessive ordering.,0.0,531.5520172119141,3.774853406062579,NORMAL
2024-01-06,S003,P0011,Toys,West,872.8411712646484,712.0,168.67593383789062,704.1652374267578,114.48150886940594,188.8944896345198,694.9222911481917,4.174663340554023,Increasing,LOW,LOW,0,,Monitor increasing demand and maintain sufficient stock.,0.0,704.1652374267578,4.174663340554023,NORMAL
2024-01-06,S003,P0012,Clothing,North,1023.2624969482422,828.0,134.1661834716797,889.0963134765625,103.35321749291391,170.53280886330793,573.031359278347,6.626828687157493,Increasing,LOW,LOW,0,,Monitor increasing demand and maintain sufficient stock.,0.0,889.0963134765625,6.626828687157493,NORMAL
2024-01-06,S003,P0013,Groceries,West,621.3558197021484,465.0,137.58187866210938,483.77394104003906,87.22054391267737,143.91389745591766,556.6595334422458,3.516262066955424,Stable,LOW,LOW,73,2024-01-09,Inventory is currently within a manageable range.,0.0,483.77394104003906,3.516262066955424,NORMAL
2024-01-06,S003,P0014,Electronics,West,826.9729919433594,729.0,127.57162475585938,699.4013671875,121.26216733801697,200.082576107728,582.7974503753061,5.482421098939374,Stable,LOW,LOW,0,,Inventory is currently within a manageable range.,0.0,699.4013671875,5.482421098939374,NORMAL
2024-01-06,S003,P0015,Clothing,East,707.2744445800781,562.0,138.47605895996094,568.7983856201172,90.29437454279238,148.98571799560742,564.4138948754902,4.107557579932138,Stable,LOW,LOW,0,,Inventory is currently within a manageable range.,0.0,568.7983856201172,4.107557579932138,NORMAL
2024-01-06,S003,P0016,Furniture,East,877.6796112060547,706.0,135.26333618164062,742.4162750244141,107.05690026420478,176.64388543593788,582.4338939808597,5.488673397996394,Stable,LOW,LOW,0,,Inventory is currently within a manageable range.,0.0,742.4162750244141,5.488673397996394,NORMAL
2024-01-06,S003,P0017,Clothing,North,837.6791458129883,605.0,144.9001922607422,692.7789535522461,105.80327032082708,174.57539602936467,609.2759728115913,4.781076841538054,Increasing,LOW,LOW,0,,Monitor increasing demand and maintain sufficient stock.,0.0,692.7789535522461,4.781076841538054,NORMAL
2024-01-06,S003,P0018,Electronics,North,687.1057357788086,426.0,111.47132110595703,575.6344146728516,130.71395321899482,215.67802281134144,550.0919861292125,5.163968713761746,Increasing,LOW,LOW,0,,Monitor increasing demand and maintain sufficient stock.,0.0,575.6344146728516,5.163968713761746,NORMAL
2024-01-06,S003,P0019,Electronics,West,756.1421051025391,602.0,129.5133819580078,626.6287231445312,107.17726872437518,176.84249339521904,565.3826392692424,4.838331867109326,Decreasing,LOW,LOW,0,,Demand is decreasing; avoid excessive ordering.,0.0,626.6287231445312,4.838331867109326,NORMAL
2024-01-06,S003,P0020,Groceries,West,554.4985961914062,427.0,163.9222869873047,390.57630920410156,85.75626837810496,141.49784282387319,633.2647037857872,2.382691922998552,Increasing,MEDIUM,MEDIUM,243,2024-01-09,HIGH PRIORITY: Reorder stock within the lead time.,0.0,390.57630920410156,2.382691922998552,HIGH
2024-01-06,S004,P0001,Electronics,East,593.8883361816406,422.0,120.54131317138672,473.3470230102539,125.43566406770375,206.9688457117112,568.5927852258714,3.926844751867311,Decreasing,LOW,LOW,96,2024-01-09,Demand is decreasing; avoid excessive ordering.,0.0,473.3470230102539,3.926844751867311,NORMAL
2024-01-06,S004,P0002,Furniture,West,807.3732452392578,643.0,116.58734893798828,690.7858963012695,117.93716379146399,194.59632025591557,544.3583670698804,5.925050209939091,Decreasing,LOW,LOW,0,,Demand is decreasing; avoid excessive ordering.,0.0,690.7858963012695,5.925050209939091,NORMAL
2024-01-06,S004,P0003,Furniture,West,542.2080383300781,353.0,150.1230010986328,392.0850372314453,108.19576124471213,178.523006053775,628.8920093496735,2.611758587039172,Increasing,MEDIUM,MEDIUM,237,2024-01-09,HIGH PRIORITY: Reorder stock within the lead time.,0.0,392.0850372314453,2.611758587039172,HIGH
2024-01-06,S004,P0004,Furniture,South,1085.3958435058594,880.0,115.84983825683594,969.5460052490234,94.21973501134711,155.46256276872273,503.0120775392305,8.368988855207258,Stable,LOW,LOW,0,,Inventory is currently within a manageable range.,0.0,969.5460052490234,8.368988855207258,NORMAL
2024-01-06,S004,P0005,Toys,East,767.6270446777344,638.0,151.87396240234375,615.7530822753906,101.11177611851782,166.8344305955544,622.4563178025857,4.054368981591068,Increasing,LOW,LOW,7,2024-01-09,Monitor increasing demand and maintain sufficient stock.,0.0,615.7530822753906,4.054368981591068,NORMAL
2024-01-06,S004,P0006,Toys,East,575.8116302490234,420.0,136.9976806640625,438.81394958496094,100.29202730397238,165.48184505155442,576.4748870437419,3.2030757561581953,Increasing,MEDIUM,MEDIUM,138,2024-01-09,HIGH PRIORITY: Reorder stock within the lead time.,0.0,438.81394958496094,3.2030757561581953,HIGH
2024-01-06,S004,P0007,Electronics,South,845.5151672363281,671.0,134.1567840576172,711.3583831787109,103.75981498802513,171.20369473024144,573.674046903093,5.302440634483301,Stable,LOW,LOW,0,,Inventory is currently within a manageable range.,0.0,711.3583831787109,5.302440634483301,NORMAL
2024-01-06,S004,P0008,Furniture,West,555.019889831543,399.0,124.78071594238281,430.23917388916016,123.72212421860539,204.14150496069888,578.4836527878473,3.44796205599447,Decreasing,MEDIUM,MEDIUM,149,2024-01-09,HIGH PRIORITY: Reorder stock within the lead time.,0.0,430.23917388916016,3.44796205599447,HIGH
2024-01-06,S004,P0009,Clothing,East,905.7224273681641,685.0,129.74740600585938,775.9750213623047,125.70438047196791,207.41222777874705,596.6544457963251,5.980659230499466,Stable,LOW,LOW,0,,Inventory is currently within a manageable range.,0.0,775.9750213623047,5.980659230499466,NORMAL
2024-01-06,S004,P0010,Toys,North,643.6429595947266,466.0,136.88719177246094,506.7557678222656,105.30693360149778,173.75644044247133,584.4180157598541,3.7019954990720696,Stable,LOW,LOW,78,2024-01-09,Inventory is currently within a manageable range.,0.0,506.7557678222656,3.7019954990720696,NORMAL
2024-01-06,S004,P0011,Groceries,East,816.6754989624023,673.0,140.5790252685547,676.0964736938477,99.84556196139238,164.74517723629742,586.4822530419615,4.80936948027822,Stable,LOW,LOW,0,,Inventory is currently within a manageable range.,0.0,676.0964736938477,4.80936948027822,NORMAL
2024-01-06,S004,P0012,Clothing,East,896.1822814941406,760.0,131.11387634277344,765.0684051513672,87.52913347194296,144.42307022870588,537.7646992570262,5.835144429345028,Stable,LOW,LOW,0,,Inventory is currently within a manageable range.,0.0,765.0684051513672,5.835144429345028,NORMAL
2024-01-06,S004,P0013,Electronics,West,1021.5456237792969,712.0,125.12969970703125,896.4159240722656,114.14107000739858,188.33276551220766,563.7218646333014,7.163894152795561,Stable,LOW,LOW,0,,Inventory is currently within a manageable range.,0.0,896.4159240722656,7.163894152795561,NORMAL
2024-01-06,S004,P0014,Furniture,South,692.5207366943359,540.0,141.98902893066406,550.5317077636719,91.23326113051061,150.5348808653425,576.5019676573347,3.8772834204853037,Stable,LOW,LOW,26,2024-01-09,Inventory is currently within a manageable range.,0.0,550.5317077636719,3.8772834204853037,NORMAL
2024-01-06,S004,P0015,Toys,North,836.1059417724609,766.0,127.84846496582031,708.2574768066406,69.47360657531758,114.63145084927399,498.1768457467349,5.5398199500947465,Increasing,LOW,LOW,0,,Monitor increasing demand and maintain sufficient stock.,0.0,708.2574768066406,5.5398199500947465,NORMAL
2024-01-06,S004,P0016,Clothing,West,683.1575317382812,553.0,130.08853149414062,553.0690002441406,89.63898050177067,147.9043178279216,538.1699123103435,4.251481617109742,Decreasing,LOW,LOW,0,,Demand is decreasing; avoid excessive ordering.,0.0,553.0690002441406,4.251481617109742,NORMAL
2024-01-06,S004,P0017,Electronics,North,876.0053558349609,711.0,138.238037109375,737.7673187255859,108.11734268081042,178.3936154233372,593.1077267514622,5.336934277660921,Stable,LOW,LOW,0,,Inventory is currently within a manageable range.,0.0,737.7673187255859,5.336934277660921,NORMAL
2024-01-06,S004,P0018,Toys,North,865.0615463256836,687.0,169.22898864746094,695.8325576782227,86.61894290420122,142.921255791932,650.6082217343148,4.1117811034596805,Increasing,LOW,LOW,0,,Monitor increasing demand and maintain sufficient stock.,0.0,695.8325576782227,4.1117811034596805,NORMAL
2024-01-06,S004,P0019,Clothing,East,916.7821350097656,801.0,160.5897979736328,756.1923370361328,83.20043370867828,137.28071561931915,619.0501095402176,4.708844189219865,Increasing,LOW,LOW,0,,Monitor increasing demand and maintain sufficient stock.,0.0,756.1923370361328,4.708844189219865,NORMAL
2024-01-06,S004,P0020,Toys,West,795.2859191894531,653.0,135.29689025878906,659.9890289306641,109.01183737480387,179.8695316684264,585.7602024447935,4.878079811503948,Stable,LOW,LOW,0,,Inventory is currently within a manageable range.,0.0,659.9890289306641,4.878079811503948,NORMAL
2024-01-06,S005,P0001,Toys,North,647.1918640136719,514.0,130.28201293945312,516.9098510742188,90.09186963064411,148.6515848905628,539.4976237089222,3.9676225398393705,Stable,LOW,LOW,23,2024-01-09,Inventory is currently within a manageable range.,0.0,516.9098510742188,3.9676225398393705,NORMAL
2024-01-06,S005,P0002,Groceries,North,981.0706405639648,623.0,136.1637420654297,844.9068984985352,134.43337879162797,221.81507500618613,630.3063012024752,6.205079896324667,Decreasing,LOW,LOW,0,,Demand is decreasing; avoid excessive ordering.,0.0,844.9068984985352,6.205079896324667,NORMAL
2024-01-06,S005,P0003,Furniture,South,934.0215606689453,758.0,131.17384338378906,802.8477172851562,107.92557571854735,178.07719993560312,571.5987300869704,6.120486345255437,Increasing,LOW,LOW,0,,Monitor increasing demand and maintain sufficient stock.,0.0,802.8477172851562,6.120486345255437,NORMAL
2024-01-06,S005,P0004,Toys,North,1028.7191772460938,823.0,150.90806579589844,877.8111114501953,118.0719615117751,194.81873649442892,647.5429338821242,5.816860131501689,Increasing,LOW,LOW,0,,Monitor increasing demand and maintain sufficient stock.,0.0,877.8111114501953,5.816860131501689,NORMAL
2024-01-06,S005,P0005,Toys,South,583.269645690918,375.0,135.43426513671875,447.8353805541992,116.05663642008093,191.49345009313353,597.7962455032898,3.3066623140171836,Decreasing,MEDIUM,MEDIUM,150,2024-01-09,HIGH PRIORITY: Reorder stock within the lead time.,0.0,447.8353805541992,3.3066623140171836,HIGH
2024-01-06,S005,P0006,Furniture,North,537.4723510742188,377.0,135.4196014404297,402.05274963378906,120.61230468873416,199.01030273641135,605.2691070577005,2.96894057697142,Stable,MEDIUM,MEDIUM,204,2024-01-09,HIGH PRIORITY: Reorder stock within the lead time.,0.0,402.05274963378906,2.96894057697142,HIGH
2024-01-06,S005,P0007,Groceries,South,1076.796646118164,884.0,137.86758422851562,938.9290618896484,98.46388965573911,162.4654179319695,576.0681706175164,6.8103685659231745,Increasing,LOW,LOW,0,,Monitor increasing demand and maintain sufficient stock.,0.0,938.9290618896484,6.8103685659231745,NORMAL
2024-01-06,S005,P0008,Electronics,West,527.878662109375,366.0,142.88729858398438,384.9913635253906,119.66797098816075,197.4521521304652,626.1140478824184,2.6943707897109244,Stable,MEDIUM,MEDIUM,242,2024-01-09,HIGH PRIORITY: Reorder stock within the lead time.,0.0,384.9913635253906,2.6943707897109244,HIGH
2024-01-06,S005,P0009,Furniture,North,737.5523071289062,558.0,129.87078857421875,607.6815185546875,96.30149965591832,158.89747443226523,548.5098401549214,4.67912396025384,Stable,LOW,LOW,0,,Inventory is currently within a manageable range.,0.0,607.6815185546875,4.67912396025384,NORMAL
2024-01-06,S005,P0010,Toys,North,736.317008972168,558.0,145.0432891845703,591.2737197875977,123.69066104451714,204.08959072345328,639.2194582771642,4.076532758680002,Stable,LOW,LOW,48,2024-01-09,Inventory is currently within a manageable range.,0.0,591.2737197875977,4.076532758680002,NORMAL
2024-01-06,S005,P0011,Groceries,North,851.9873504638672,715.0,121.4175033569336,730.5698471069336,96.82160544229414,159.75564897978532,524.0081590505861,6.017006007439158,Increasing,LOW,LOW,0,,Monitor increasing demand and maintain sufficient stock.,0.0,730.5698471069336,6.017006007439158,NORMAL
2024-01-06,S005,P0012,Electronics,North,527.7774887084961,333.0,120.65567779541016,407.12181091308594,110.22590439638044,181.8727422540277,543.8397756402582,3.3742449452185928,Decreasing,MEDIUM,MEDIUM,137,2024-01-09,HIGH PRIORITY: Reorder stock within the lead time.,0.0,407.12181091308594,3.3742449452185928,HIGH
2024-01-06,S005,P0013,Electronics,West,479.7494659423828,343.0,121.85502624511719,357.8944396972656,112.72117588130233,185.98994020414884,551.5550189395004,2.9370511067581564,Decreasing,MEDIUM,MEDIUM,194,2024-01-09,HIGH PRIORITY: Reorder stock within the lead time.,0.0,357.8944396972656,2.9370511067581564,HIGH
2024-01-06,S005,P0014,Toys,West,726.8903503417969,562.0,152.76309204101562,574.1272583007812,114.04554460120852,188.17514859199406,646.4644247150409,3.7582851370056902,Increasing,LOW,LOW,73,2024-01-09,Monitor increasing demand and maintain sufficient stock.,0.0,574.1272583007812,3.7582851370056902,NORMAL
2024-01-06,S005,P0015,Furniture,North,651.7708892822266,467.0,128.36936950683594,523.4015197753906,102.78013725305398,169.58722646753907,554.6953349880469,4.077308487111627,Stable,LOW,LOW,32,2024-01-09,Inventory is currently within a manageable range.,0.0,523.4015197753906,4.077308487111627,NORMAL
2024-01-06,S005,P0016,Furniture,East,907.273681640625,742.0,121.70831298828125,785.5653686523438,96.57560023549718,159.34974038857032,524.4746793534141,6.454492296906476,Increasing,LOW,LOW,0,,Monitor increasing demand and maintain sufficient stock.,0.0,785.5653686523438,6.454492296906476,NORMAL
2024-01-06,S005,P0017,Toys,North,691.4985961914062,565.0,138.20323181152344,553.2953643798828,96.2129678639277,158.7513969754807,573.361092410051,4.003490780406981,Stable,LOW,LOW,21,2024-01-09,Inventory is currently within a manageable range.,0.0,553.2953643798828,4.003490780406981,NORMAL
2024-01-06,S005,P0018,Clothing,West,736.880615234375,590.0,146.1439666748047,590.7366485595703,100.06343887225644,165.1046741392231,603.5365741636372,4.042155567557985,Increasing,LOW,LOW,13,2024-01-09,Monitor increasing demand and maintain sufficient stock.,0.0,590.7366485595703,4.042155567557985,NORMAL
2024-01-06,S005,P0019,Toys,East,695.0790100097656,526.0,125.8397445678711,569.2392654418945,100.38631069852788,165.637412652571,543.1566463561843,4.523525277301226,Stable,LOW,LOW,0,,Inventory is currently within a manageable range.,0.0,569.2392654418945,4.523525277301226,NORMAL
2024-01-06,S005,P0020,Groceries,East,974.737548828125,819.0,157.5596466064453,817.1779022216797,110.69990775388919,182.65484779391716,655.3337876132531,5.1864669655095,Increasing,LOW,LOW,0,,Monitor increasing demand and maintain sufficient stock.,0.0,817.1779022216797,5.1864669655095,NORMAL
2024-01-07,S001,P0001,Toys,East,1119.8680419921875,574.0,148.9232940673828,970.9447479248047,87.05547705145314,143.64153713489767,590.4114193370461,6.519764110814555,Increasing,LOW,LOW,0,,Monitor increasing demand and maintain sufficient stock.,0.0,970.9447479248047,6.519764110814555,NORMAL
2024-01-07,S001,P0002,Furniture,West,1332.6507720947266,750.0,135.3137969970703,1197.3369750976562,87.0502120502266,143.6328498828739,549.5742408740848,8.848594908053462,Increasing,LOW,LOW,0,,Monitor increasing demand and maintain sufficient stock.,0.0,1197.3369750976562,8.848594908053462,NORMAL
2024-01-07,S001,P0003,Toys,East,1743.9291763305664,892.0,133.7412567138672,1610.1879196166992,109.84288924395752,181.24076725252988,582.4645373941314,12.03957521545963,Stable,LOW,LOW,0,,Inventory is currently within a manageable range.,0.0,1610.1879196166992,12.03957521545963,NORMAL
2024-01-07,S001,P0004,Groceries,West,1225.3848114013672,670.0,145.44078063964844,1079.9440307617188,106.22189015024138,175.26611874789828,611.5884606668436,7.425317892355403,Stable,LOW,LOW,0,,Inventory is currently within a manageable range.,0.0,1079.9440307617188,7.425317892355403,NORMAL
2024-01-07,S001,P0005,Groceries,North,1084.738052368164,611.0,158.78060913085938,925.9574432373047,114.87713703673423,189.54727611061145,665.8891035031895,5.831678366179934,Stable,LOW,LOW,0,,Inventory is currently within a manageable range.,0.0,925.9574432373047,5.831678366179934,NORMAL
2024-01-07,S001,P0006,Electronics,North,1219.5054244995117,691.0,143.0019073486328,1076.503517150879,97.07540161072525,160.17441265769665,589.1801347035951,7.527896215582686,Increasing,LOW,LOW,0,,Monitor increasing demand and maintain sufficient stock.,0.0,1076.503517150879,7.527896215582686,NORMAL
2024-01-07,S001,P0007,Clothing,East,1498.8336334228516,795.0,149.4111785888672,1349.4224548339844,116.37994245268816,192.02690504693544,640.260440813537,9.031603040540713,Increasing,LOW,LOW,0,,Monitor increasing demand and maintain sufficient stock.,0.0,1349.4224548339844,9.031603040540713,NORMAL
2024-01-07,S001,P0008,Electronics,East,984.269416809082,590.0,134.95652770996094,849.3128890991211,87.13770042856787,143.77720570713697,548.6467888370198,6.29323311373574,Stable,LOW,LOW,0,,Inventory is currently within a manageable range.,0.0,849.3128890991211,6.29323311373574,NORMAL
2024-01-07,S001,P0009,Electronics,South,1716.1094207763672,939.0,164.32022094726562,1551.7891998291016,85.14739010872877,140.49319367940245,633.4538565211993,9.443689832471128,Increasing,LOW,LOW,0,,Monitor increasing demand and maintain sufficient stock.,0.0,1551.7891998291016,9.443689832471128,NORMAL
2024-01-07,S001,P0010,Furniture,West,1458.8057556152344,795.0,141.88233947753906,1316.9234161376953,98.99422114500332,163.3404648892555,588.9874833218727,9.281799419061405,Increasing,LOW,LOW,0,,Monitor increasing demand and maintain sufficient stock.,0.0,1316.9234161376953,9.281799419061405,NORMAL
2024-01-07,S001,P0011,Electronics,West,787.9966506958008,425.0,127.46212768554688,660.5345230102539,105.85252294469231,174.6566628587423,557.0430459153829,5.182202235316623,Stable,LOW,LOW,0,,Inventory is currently within a manageable range.,0.0,660.5345230102539,5.182202235316623,NORMAL
2024-01-07,S001,P0012,Electronics,East,1536.6593933105469,891.0,153.3868408203125,1383.2725524902344,104.88983260605855,173.0682237999966,633.228746260934,9.018195727172525,Increasing,LOW,LOW,0,,Monitor increasing demand and maintain sufficient stock.,0.0,1383.2725524902344,9.018195727172525,NORMAL
2024-01-07,S001,P0013,Groceries,North,1152.345474243164,682.0,145.0557403564453,1007.2897338867188,90.53119986031416,149.37647976951837,584.5437008388543,6.9441563044075805,Stable,LOW,LOW,0,,Inventory is currently within a manageable range.,0.0,1007.2897338867188,6.9441563044075805,NORMAL
2024-01-07,S001,P0014,Groceries,South,1440.894271850586,743.0,142.5290985107422,1298.3651733398438,109.9239937026234,181.3745896093286,608.9618851415552,9.109474394395248,Stable,LOW,LOW,0,,Inventory is currently within a manageable range.,0.0,1298.3651733398438,9.109474394395248,NORMAL
2024-01-07,S001,P0015,Electronics,East,1063.8118362426758,590.0,143.7532501220703,920.0585861206055,97.88506244435588,161.5103530331872,592.7701033993981,6.40026284859176,Stable,LOW,LOW,0,,Inventory is currently within a manageable range.,0.0,920.0585861206055,6.40026284859176,NORMAL
2024-01-07,S001,P0016,Electronics,East,1903.734878540039,982.0,142.64614868164062,1761.0887298583984,123.54066656893306,203.84209983873953,631.7805458836614,12.345855434126142,Increasing,LOW,LOW,0,,Monitor increasing demand and maintain sufficient stock.,0.0,1761.0887298583984,12.345855434126142,NORMAL
2024-01-07,S001,P0017,Toys,East,1068.6982803344727,632.0,133.8671417236328,934.8311386108398,88.98619921534826,146.82722870532461,548.428653876223,6.983275556452741,Stable,LOW,LOW,0,,Inventory is currently within a manageable range.,0.0,934.8311386108398,6.983275556452741,NORMAL
2024-01-07,S001,P0018,Electronics,East,1195.7656555175781,700.0,130.32049560546875,1065.4451599121094,74.08489338975542,122.24007409309644,513.2015609095026,8.175576335572186,Increasing,LOW,LOW,0,,Monitor increasing demand and maintain sufficient stock.,0.0,1065.4451599121094,8.175576335572186,NORMAL
2024-01-07,S001,P0019,Clothing,West,1569.160545349121,879.0,160.53109741210938,1408.6294479370117,102.53539200567097,169.1833968093571,650.7766890456852,8.774807315499945,Increasing,LOW,LOW,0,,Monitor increasing demand and maintain sufficient stock.,0.0,1408.6294479370117,8.774807315499945,NORMAL
2024-01-07,S001,P0020,Electronics,South,1450.214614868164,870.0,138.11135864257812,1312.103256225586,104.95196684157636,173.17074528860098,587.5048212163354,9.500328351857076,Increasing,LOW,LOW,0,,Monitor increasing demand and maintain sufficient stock.,0.0,1312.103256225586,9.500328351857076,NORMAL
2024-01-07,S002,P0001,Clothing,East,982.3223037719727,578.0,144.65296936035156,837.6693344116211,102.78374071076297,169.5931721727589,603.5520802538135,5.7908893133390515,Stable,LOW,LOW,0,,Inventory is currently within a manageable range.,0.0,837.6693344116211,5.7908893133390515,NORMAL
2024-01-07,S002,P0002,Groceries,North,1081.2200927734375,623.0,144.21533203125,937.0047607421875,81.75077463510148,134.88877814791744,567.5347742416675,6.4972617511926405,Increasing,LOW,LOW,0,,Monitor increasing demand and maintain sufficient stock.,0.0,937.0047607421875,6.4972617511926405,NORMAL
2024-01-07,S002,P0003,Clothing,South,1289.405662536621,682.0,161.65330505371094,1127.7523574829102,103.66630301574557,171.04939997598018,656.0093151371129,6.976364368846051,Increasing,LOW,LOW,0,,Monitor increasing demand and maintain sufficient stock.,0.0,1127.7523574829102,6.976364368846051,NORMAL
2024-01-07,S002,P0004,Toys,West,1396.3594818115234,810.0,142.59449768066406,1253.7649841308594,85.90362355385564,141.74097886386178,569.5244719058539,8.792520079832443,Increasing,LOW,LOW,0,,Monitor increasing demand and maintain sufficient stock.,0.0,1253.7649841308594,8.792520079832443,NORMAL
2024-01-07,S002,P0005,Toys,West,908.3818435668945,505.0,147.2932891845703,761.0885543823242,101.80318053055889,167.97524787542216,609.8551154291331,5.16716381714186,Decreasing,LOW,LOW,0,,Demand is decreasing; avoid excessive ordering.,0.0,761.0885543823242,5.16716381714186,NORMAL
2024-01-07,S002,P0006,Toys,East,1428.9200744628906,814.0,112.64956665039062,1316.2705078125,100.60241826540036,165.99399013791057,503.9426900890825,11.684647770528603,Decreasing,LOW,LOW,0,,Demand is decreasing; avoid excessive ordering.,0.0,1316.2705078125,11.684647770528603,NORMAL
2024-01-07,S002,P0007,Toys,West,2611.5157928466797,1211.0,125.3126449584961,2486.2031478881836,138.1213857292461,227.90028645325606,603.8382213287443,19.840002169865787,Stable,LOW,LOW,0,,Inventory is currently within a manageable range.,0.0,2486.2031478881836,19.840002169865787,NORMAL
2024-01-07,S002,P0008,Furniture,North,1501.2846374511719,779.0,126.13655090332031,1375.1480865478516,119.96491440346502,197.94210876571728,576.3517614756782,10.902058734758485,Increasing,LOW,LOW,0,,Monitor increasing demand and maintain sufficient stock.,0.0,1375.1480865478516,10.902058734758485,NORMAL
2024-01-07,S002,P0009,Electronics,North,2045.8757629394531,1064.0,119.93641662597656,1925.9393463134766,122.06247858063786,201.40308965805247,561.2123395359822,16.058003069405903,Stable,LOW,LOW,0,,Inventory is currently within a manageable range.,0.0,1925.9393463134766,16.058003069405903,NORMAL
2024-01-07,S002,P0010,Toys,West,1050.1467819213867,573.0,121.5762939453125,928.5704879760742,128.312835922342,211.7161792718643,576.4450611078018,7.637759449994126,Decreasing,LOW,LOW,0,,Demand is decreasing; avoid excessive ordering.,0.0,928.5704879760742,7.637759449994126,NORMAL
2024-01-07,S002,P0011,Groceries,West,1711.4600677490234,879.0,144.08242797851562,1567.3776397705078,92.53927380181452,152.68980177299395,584.9370857085408,10.878340001351324,Stable,LOW,LOW,0,,Inventory is currently within a manageable range.,0.0,1567.3776397705078,10.878340001351324,NORMAL
2024-01-07,S002,P0012,Electronics,North,1478.0306701660156,738.0,148.64407348632812,1329.3865966796875,110.48854952763014,182.30610672058972,628.2383271795741,8.943421459732539,Stable,LOW,LOW,0,,Inventory is currently within a manageable range.,0.0,1329.3865966796875,8.943421459732539,NORMAL
2024-01-07,S002,P0013,Electronics,South,975.1656036376953,537.0,129.8210906982422,845.3445129394531,112.78407989272544,186.09373182299697,575.5570039177235,6.511611544724907,Increasing,LOW,LOW,0,,Monitor increasing demand and maintain sufficient stock.,0.0,845.3445129394531,6.511611544724907,NORMAL
2024-01-07,S002,P0014,Clothing,West,1283.7994384765625,713.0,164.1273193359375,1119.672119140625,105.08073867370575,173.38321881161448,665.765176819427,6.821972866374966,Stable,LOW,LOW,0,,Inventory is currently within a manageable range.,0.0,1119.672119140625,6.821972866374966,NORMAL
2024-01-07,S002,P0015,Toys,South,1087.3744430541992,553.0,149.15103149414062,938.2234115600586,98.40293474352055,162.36484232680888,609.8179368092308,6.2904252297907615,Increasing,LOW,LOW,0,,Monitor increasing demand and maintain sufficient stock.,0.0,938.2234115600586,6.2904252297907615,NORMAL
2024-01-07,S002,P0016,Toys,North,1474.771499633789,811.0,146.06158447265625,1328.7099151611328,113.86576033058127,187.8785045454591,626.0632579634279,9.096915660324612,Increasing,LOW,LOW,0,,Monitor increasing demand and maintain sufficient stock.,0.0,1328.7099151611328,9.096915660324612,NORMAL
2024-01-07,S002,P0017,Toys,East,1490.2436065673828,776.0,140.8505401611328,1349.39306640625,122.31953557412153,201.82723369730053,624.3788541806989,9.580318718426968,Stable,LOW,LOW,0,,Inventory is currently within a manageable range.,0.0,1349.39306640625,9.580318718426968,NORMAL
2024-01-07,S002,P0018,Groceries,East,1783.1011199951172,922.0,139.8905792236328,1643.2105407714844,121.35236092736515,200.2313955301525,619.9031332010509,11.746398863247283,Increasing,LOW,LOW,0,,Monitor increasing demand and maintain sufficient stock.,0.0,1643.2105407714844,11.746398863247283,NORMAL
2024-01-07,S002,P0019,Furniture,West,951.9645919799805,533.0,128.5409698486328,823.4236221313477,106.13894756627367,175.12926348435155,560.75217303025,6.405923520734239,Decreasing,LOW,LOW,0,,Demand is decreasing; avoid excessive ordering.,0.0,823.4236221313477,6.405923520734239,NORMAL
2024-01-07,S002,P0020,Groceries,East,1306.541404724121,812.0,146.40286254882812,1160.138542175293,97.39889616184041,160.70817866703666,599.9167663135211,7.9242886510389425,Stable,LOW,LOW,0,,Inventory is currently within a manageable range.,0.0,1160.138542175293,7.9242886510389425,NORMAL
2024-01-07,S003,P0001,Clothing,West,1471.7460021972656,825.0,138.0312957763672,1333.7147064208984,87.2815792368245,144.0146057407604,558.108493069862,9.662408071440044,Increasing,LOW,LOW,0,,Monitor increasing demand and maintain sufficient stock.,0.0,1333.7147064208984,9.662408071440044,NORMAL
2024-01-07,S003,P0002,Groceries,South,1274.6858978271484,703.0,168.83914184570312,1105.8467559814453,106.09983319107813,175.0647247652789,681.5821503023883,6.549706092394407,Decreasing,LOW,LOW,0,,Demand is decreasing; avoid excessive ordering.,0.0,1105.8467559814453,6.549706092394407,NORMAL
2024-01-07,S003,P0003,Groceries,North,1711.0446166992188,912.0,141.7668914794922,1569.2777252197266,99.91591041190163,164.8612521796377,590.1619266181142,11.069423254206969,Increasing,LOW,LOW,0,,Monitor increasing demand and maintain sufficient stock.,0.0,1569.2777252197266,11.069423254206969,NORMAL
2024-01-07,S003,P0004,Groceries,North,988.4061889648438,571.0,154.62155151367188,833.7846374511719,99.6111155374958,164.35834063686806,628.2229951778837,5.392421879672106,Increasing,LOW,LOW,0,,Monitor increasing demand and maintain sufficient stock.,0.0,833.7846374511719,5.392421879672106,NORMAL
2024-01-07,S003,P0005,Electronics,West,1008.5924835205078,635.0,143.2837677001953,865.3087158203125,95.25484475729016,157.17049384952875,587.0217969501147,6.039125922699568,Stable,LOW,LOW,0,,Inventory is currently within a manageable range.,0.0,865.3087158203125,6.039125922699568,NORMAL
2024-01-07,S003,P0006,Furniture,North,863.8628082275391,555.0,119.77622985839844,744.0865783691406,100.44474513580502,165.73382947407828,525.0625190492735,6.21230589115063,Decreasing,LOW,LOW,0,,Demand is decreasing; avoid excessive ordering.,0.0,744.0865783691406,6.21230589115063,NORMAL
2024-01-07,S003,P0007,Electronics,North,1550.9287872314453,807.0,139.35731506347656,1411.5714721679688,79.51629562448989,131.2018877804083,549.2738329708379,10.129152327059437,Increasing,LOW,LOW,0,,Monitor increasing demand and maintain sufficient stock.,0.0,1411.5714721679688,10.129152327059437,NORMAL
2024-01-07,S003,P0008,Furniture,North,1689.0033721923828,903.0,123.0998764038086,1565.9034957885742,110.1871183859577,181.8087453368302,551.108374548256,12.720593566250946,Stable,LOW,LOW,0,,Inventory is currently within a manageable range.,0.0,1565.9034957885742,12.720593566250946,NORMAL
2024-01-07,S003,P0009,Furniture,South,622.0338134765625,361.0,137.8529815673828,484.1808319091797,101.71577658529283,167.83103136573317,581.3899760678817,3.5122985836364458,Increasing,LOW,LOW,98,2024-01-10,Monitor increasing demand and maintain sufficient stock.,0.0,484.1808319091797,3.5122985836364458,NORMAL
2024-01-07,S003,P0010,Furniture,East,1115.552017211914,584.0,134.52780151367188,981.0242156982422,120.3331354700919,198.54967352565163,602.1330780666673,7.29235299068306,Decreasing,LOW,LOW,0,,Demand is decreasing; avoid excessive ordering.,0.0,981.0242156982422,7.29235299068306,NORMAL
2024-01-07,S003,P0011,Toys,West,1556.1652374267578,852.0,125.81987762451172,1430.345359802246,114.48150886940594,188.8944896345198,566.354122508055,11.368198624949162,Decreasing,LOW,LOW,0,,Demand is decreasing; avoid excessive ordering.,0.0,1430.345359802246,11.368198624949162,NORMAL
2024-01-07,S003,P0012,Clothing,North,1845.0963134765625,956.0,158.47096252441406,1686.6253509521484,103.35321749291391,170.53280886330793,645.9456964365502,10.643119244589094,Increasing,LOW,LOW,0,,Monitor increasing demand and maintain sufficient stock.,0.0,1686.6253509521484,10.643119244589094,NORMAL
2024-01-07,S003,P0013,Groceries,West,1055.773941040039,572.0,140.98385620117188,914.7900848388672,87.22054391267737,143.91389745591766,566.8654660594333,6.488615856368265,Stable,LOW,LOW,0,,Inventory is currently within a manageable range.,0.0,914.7900848388672,6.488615856368265,NORMAL
2024-01-07,S003,P0014,Electronics,West,1615.4013671875,916.0,159.40684509277344,1455.9945220947266,121.26216733801697,200.082576107728,678.3031113860483,9.13382685196078,Increasing,LOW,LOW,0,,Monitor increasing demand and maintain sufficient stock.,0.0,1455.9945220947266,9.13382685196078,NORMAL
2024-01-07,S003,P0015,Clothing,East,1252.7983856201172,684.0,140.33502197265625,1112.463363647461,90.29437454279238,148.98571799560742,569.9907839135761,7.927196989103834,Stable,LOW,LOW,0,,Inventory is currently within a manageable range.,0.0,1112.463363647461,7.927196989103834,NORMAL
2024-01-07,S003,P0016,Furniture,East,1613.416275024414,871.0,127.6889419555664,1485.7273330688477,107.05690026420478,176.64388543593788,559.710711302637,11.63552074529567,Stable,LOW,LOW,0,,Inventory is currently within a manageable range.,0.0,1485.7273330688477,11.63552074529567,NORMAL
2024-01-07,S003,P0017,Clothing,North,1469.778953552246,777.0,165.4618682861328,1304.3170852661133,105.80327032082708,174.57539602936467,670.9610008877631,7.88288624307421,Increasing,LOW,LOW,0,,Monitor increasing demand and maintain sufficient stock.,0.0,1304.3170852661133,7.88288624307421,NORMAL
2024-01-07,S003,P0018,Electronics,North,1132.6344146728516,557.0,129.65968322753906,1002.9747314453125,130.71395321899482,215.67802281134144,604.6570724939586,7.735440242324191,Increasing,LOW,LOW,0,,Monitor increasing demand and maintain sufficient stock.,0.0,1002.9747314453125,7.735440242324191,NORMAL
2024-01-07,S003,P0019,Electronics,West,1350.6287231445312,724.0,155.1151123046875,1195.5136108398438,107.17726872437518,176.84249339521904,642.1878303092815,7.70726715841546,Stable,LOW,LOW,0,,Inventory is currently within a manageable range.,0.0,1195.5136108398438,7.70726715841546,NORMAL
2024-01-07,S003,P0020,Groceries,West,943.5763092041016,553.0,134.97567749023438,808.6006317138672,85.75626837810496,141.49784282387319,546.4248752945763,5.990713636331777,Stable,LOW,LOW,0,,Inventory is currently within a manageable range.,0.0,808.6006317138672,5.990713636331777,NORMAL
2024-01-07,S004,P0001,Electronics,East,994.3470230102539,521.0,114.28743743896484,880.0595855712891,125.43566406770375,206.9688457117112,549.8311580286057,7.700405270188025,Decreasing,LOW,LOW,0,,Demand is decreasing; avoid excessive ordering.,0.0,880.0595855712891,7.700405270188025,NORMAL
2024-01-07,S004,P0002,Furniture,West,1490.7858963012695,800.0,129.6144256591797,1361.1714706420898,117.93716379146399,194.59632025591557,583.4395972334546,10.501697351352554,Stable,LOW,LOW,0,,Inventory is currently within a manageable range.,0.0,1361.1714706420898,10.501697351352554,NORMAL
2024-01-07,S004,P0003,Furniture,West,988.0850372314453,596.0,142.58428955078125,845.5007476806641,108.19576124471213,178.523006053775,606.2758747061188,5.929831051825242,Increasing,LOW,LOW,0,,Monitor increasing demand and maintain sufficient stock.,0.0,845.5007476806641,5.929831051825242,NORMAL
2024-01-07,S004,P0004,Furniture,South,1886.5460052490234,917.0,153.9713134765625,1732.574691772461,94.21973501134711,155.46256276872273,617.3765031984102,11.252581098726505,Increasing,LOW,LOW,0,,Monitor increasing demand and maintain sufficient stock.,0.0,1732.574691772461,11.252581098726505,NORMAL
2024-01-07,S004,P0005,Toys,East,1423.7530822753906,808.0,141.24473571777344,1282.5083465576172,101.11177611851782,166.8344305955544,590.5686377488747,9.080043514826965,Stable,LOW,LOW,0,,Inventory is currently within a manageable range.,0.0,1282.5083465576172,9.080043514826965,NORMAL
2024-01-07,S004,P0006,Toys,East,1045.813949584961,607.0,141.54881286621094,904.26513671875,100.29202730397238,165.48184505155442,590.1282836501872,6.388362561355022,Stable,LOW,LOW,0,,Inventory is currently within a manageable range.,0.0,904.26513671875,6.388362561355022,NORMAL
2024-01-07,S004,P0007,Electronics,South,1469.358383178711,758.0,147.66529846191406,1321.6930847167969,103.75981498802513,171.20369473024144,614.1995901159836,8.95060043546852,Increasing,LOW,LOW,0,,Monitor increasing demand and maintain sufficient stock.,0.0,1321.6930847167969,8.95060043546852,NORMAL
2024-01-07,S004,P0008,Furniture,West,982.2391738891602,552.0,136.72129821777344,845.5178756713867,123.72212421860539,204.14150496069888,614.3053996140192,6.18424405482621,Stable,LOW,LOW,0,,Inventory is currently within a manageable range.,0.0,845.5178756713867,6.18424405482621,NORMAL
2024-01-07,S004,P0009,Clothing,East,1634.9750213623047,859.0,149.07125854492188,1485.9037628173828,125.70438047196791,207.41222777874705,654.6260034135126,9.967741450103967,Increasing,LOW,LOW,0,,Monitor increasing demand and maintain sufficient stock.,0.0,1485.9037628173828,9.967741450103967,NORMAL
2024-01-07,S004,P0010,Toys,North,1098.7557678222656,592.0,136.5514678955078,962.2042999267578,105.30693360149778,173.75644044247133,583.4108441289948,7.046458853617434,Increasing,LOW,LOW,0,,Monitor increasing demand and maintain sufficient stock.,0.0,962.2042999267578,7.046458853617434,NORMAL
2024-01-07,S004,P0011,Groceries,East,1479.0964736938477,803.0,130.1748046875,1348.9216690063477,99.84556196139238,164.74517723629742,555.2695912987974,10.362386732552382,Increasing,LOW,LOW,0,,Monitor increasing demand and maintain sufficient stock.,0.0,1348.9216690063477,10.362386732552382,NORMAL
2024-01-07,S004,P0012,Clothing,East,1649.0684051513672,884.0,139.95262145996094,1509.1157836914062,87.52913347194296,144.42307022870588,564.2809346085887,10.783047633896228,Increasing,LOW,LOW,0,,Monitor increasing demand and maintain sufficient stock.,0.0,1509.1157836914062,10.783047633896228,NORMAL
2024-01-07,S004,P0013,Electronics,West,1820.4159240722656,924.0,138.5294189453125,1681.8865051269531,114.14107000739858,188.33276551220766,603.9210223481451,12.14100598942752,Increasing,LOW,LOW,0,,Monitor increasing demand and maintain sufficient stock.,0.0,1681.8865051269531,12.14100598942752,NORMAL
2024-01-07,S004,P0014,Furniture,South,1237.5317077636719,687.0,171.2581024169922,1066.2736053466797,91.23326113051061,150.5348808653425,664.3091881163191,6.226120634867459,Increasing,LOW,LOW,0,,Monitor increasing demand and maintain sufficient stock.,0.0,1066.2736053466797,6.226120634867459,NORMAL
2024-01-07,S004,P0015,Toys,North,1551.2574768066406,843.0,116.12550354003906,1435.1319732666016,69.47360657531758,114.63145084927399,463.00796146939115,12.358456407224796,Stable,LOW,LOW,0,,Inventory is currently within a manageable range.,0.0,1435.1319732666016,12.358456407224796,NORMAL
2024-01-07,S004,P0016,Clothing,West,1237.0690002441406,684.0,164.37059020996094,1072.6984100341797,89.63898050177067,147.9043178279216,641.0160884578045,6.52609696578904,Stable,LOW,LOW,0,,Inventory is currently within a manageable range.,0.0,1072.6984100341797,6.52609696578904,NORMAL
2024-01-07,S004,P0017,Electronics,North,1583.767318725586,846.0,137.9476318359375,1445.8196868896484,108.11734268081042,178.3936154233372,592.2365109311497,10.480931550961138,Increasing,LOW,LOW,0,,Monitor increasing demand and maintain sufficient stock.,0.0,1445.8196868896484,10.480931550961138,NORMAL
2024-01-07,S004,P0018,Toys,North,1513.8325576782227,818.0,144.22166442871094,1369.6108932495117,86.61894290420122,142.921255791932,575.5862490780648,9.496568346196788,Increasing,LOW,LOW,0,,Monitor increasing demand and maintain sufficient stock.,0.0,1369.6108932495117,9.496568346196788,NORMAL
2024-01-07,S004,P0019,Clothing,East,1758.1923370361328,1002.0,147.353271484375,1610.8390655517578,83.20043370867828,137.28071561931915,579.3405300724442,10.931817456951185,Increasing,LOW,LOW,0,,Monitor increasing demand and maintain sufficient stock.,0.0,1610.8390655517578,10.931817456951185,NORMAL
2024-01-07,S004,P0020,Toys,West,1464.989028930664,805.0,163.833984375,1301.155044555664,109.01183737480387,179.8695316684264,671.3714847934264,7.941911743887319,Stable,LOW,LOW,0,,Inventory is currently within a manageable range.,0.0,1301.155044555664,7.941911743887319,NORMAL
2024-01-07,S005,P0001,Toys,North,1194.9098510742188,678.0,112.12067413330078,1082.789176940918,90.09186963064411,148.6515848905628,485.01360729046513,9.657355214022214,Decreasing,LOW,LOW,0,,Demand is decreasing; avoid excessive ordering.,0.0,1082.789176940918,9.657355214022214,NORMAL
2024-01-07,S005,P0002,Groceries,North,1679.9068984985352,835.0,135.1824493408203,1544.7244491577148,134.43337879162797,221.81507500618613,627.3624230286471,11.426960057981896,Decreasing,LOW,LOW,0,,Demand is decreasing; avoid excessive ordering.,0.0,1544.7244491577148,11.426960057981896,NORMAL
2024-01-07,S005,P0003,Furniture,South,1701.8477172851562,899.0,148.84503173828125,1553.002685546875,107.92557571854735,178.07719993560312,624.6122951504469,10.43368843024312,Increasing,LOW,LOW,0,,Monitor increasing demand and maintain sufficient stock.,0.0,1553.002685546875,10.43368843024312,NORMAL
2024-01-07,S005,P0004,Toys,North,1734.8111114501953,857.0,149.42498779296875,1585.3861236572266,118.0719615117751,194.81873649442892,643.0936998733351,10.60991302106586,Increasing,LOW,LOW,0,,Monitor increasing demand and maintain sufficient stock.,0.0,1585.3861236572266,10.60991302106586,NORMAL
2024-01-07,S005,P0005,Toys,South,973.8353805541992,526.0,148.42578125,825.4095993041992,116.05663642008093,191.49345009313353,636.7707938431336,5.561093176352738,Stable,LOW,LOW,0,,Inventory is currently within a manageable range.,0.0,825.4095993041992,5.561093176352738,NORMAL
2024-01-07,S005,P0006,Furniture,North,835.0527496337891,433.0,120.86602020263672,714.1867294311523,120.61230468873416,199.01030273641135,561.6083633443216,5.9089124324089575,Decreasing,LOW,LOW,0,,Demand is decreasing; avoid excessive ordering.,0.0,714.1867294311523,5.9089124324089575,NORMAL
2024-01-07,S005,P0007,Groceries,South,1799.9290618896484,861.0,130.97398376464844,1668.955078125,98.46388965573911,162.4654179319695,555.3873692259149,12.742645754167496,Stable,LOW,LOW,0,,Inventory is currently within a manageable range.,0.0,1668.955078125,12.742645754167496,NORMAL
2024-01-07,S005,P0008,Electronics,West,888.9913635253906,504.0,128.04148864746094,760.9498748779297,119.66797098816075,197.4521521304652,581.5766180728481,5.942994594299567,Stable,LOW,LOW,0,,Inventory is currently within a manageable range.,0.0,760.9498748779297,5.942994594299567,NORMAL
2024-01-07,S005,P0009,Furniture,North,1253.6815185546875,646.0,139.80615234375,1113.8753662109375,96.30149965591832,158.89747443226523,578.3159314635152,7.967284325744003,Stable,LOW,LOW,0,,Inventory is currently within a manageable range.,0.0,1113.8753662109375,7.967284325744003,NORMAL
2024-01-07,S005,P0010,Toys,North,1261.2737197875977,670.0,115.55475616455078,1145.7189636230469,123.69066104451714,204.08959072345328,550.7538592171056,9.914944236406289,Decreasing,LOW,LOW,0,,Demand is decreasing; avoid excessive ordering.,0.0,1145.7189636230469,9.914944236406289,NORMAL
2024-01-07,S005,P0011,Groceries,North,1577.5698471069336,847.0,138.67807006835938,1438.8917770385742,96.82160544229414,159.75564897978532,575.7898591848634,10.375770129547469,Increasing,LOW,LOW,0,,Monitor increasing demand and maintain sufficient stock.,0.0,1438.8917770385742,10.375770129547469,NORMAL
2024-01-07,S005,P0012,Electronics,North,797.1218109130859,390.0,114.93399047851562,682.1878204345703,110.22590439638044,181.8727422540277,526.6747136895746,5.935474941697863,Decreasing,LOW,LOW,0,,Demand is decreasing; avoid excessive ordering.,0.0,682.1878204345703,5.935474941697863,NORMAL
2024-01-07,S005,P0013,Electronics,West,925.8944396972656,568.0,143.22372436523438,782.6707153320312,112.72117588130233,185.98994020414884,615.661113299852,5.4646722727035435,Stable,LOW,LOW,0,,Inventory is currently within a manageable range.,0.0,782.6707153320312,5.4646722727035435,NORMAL
2024-01-07,S005,P0014,Toys,West,1231.1272583007812,657.0,141.25270080566406,1089.8745574951172,114.04554460120852,188.17514859199406,611.9332510089862,7.715778539304322,Stable,LOW,LOW,0,,Inventory is currently within a manageable range.,0.0,1089.8745574951172,7.715778539304322,NORMAL
2024-01-07,S005,P0015,Furniture,North,1102.4015197753906,579.0,129.64984130859375,972.7516784667969,102.78013725305398,169.58722646753907,558.5367503933203,7.50291453231666,Decreasing,LOW,LOW,0,,Demand is decreasing; avoid excessive ordering.,0.0,972.7516784667969,7.50291453231666,NORMAL
2024-01-07,S005,P0016,Furniture,East,1735.5653686523438,950.0,130.9795379638672,1604.5858306884766,96.57560023549718,159.34974038857032,552.2883542801719,12.250660336969027,Increasing,LOW,LOW,0,,Monitor increasing demand and maintain sufficient stock.,0.0,1604.5858306884766,12.250660336969027,NORMAL
2024-01-07,S005,P0017,Toys,North,1194.2953643798828,641.0,116.87626647949219,1077.4190979003906,96.2129678639277,158.7513969754807,509.38019641395726,9.218459233461578,Stable,LOW,LOW,0,,Inventory is currently within a manageable range.,0.0,1077.4190979003906,9.218459233461578,NORMAL
2024-01-07,S005,P0018,Clothing,West,1309.7366485595703,719.0,143.09326171875,1166.6433868408203,100.06343887225644,165.1046741392231,594.3844592954731,8.153028121854259,Increasing,LOW,LOW,0,,Monitor increasing demand and maintain sufficient stock.,0.0,1166.6433868408203,8.153028121854259,NORMAL
2024-01-07,S005,P0019,Toys,East,1209.2392654418945,640.0,150.72152709960938,1058.5177383422852,100.38631069852788,165.637412652571,617.8019939513991,7.023003009004336,Stable,LOW,LOW,0,,Inventory is currently within a manageable range.,0.0,1058.5177383422852,7.023003009004336,NORMAL
2024-01-07,S005,P0020,Groceries,East,1768.1779022216797,951.0,141.807861328125,1626.3700408935547,110.69990775388919,182.65484779391716,608.0784317782922,11.468828495553891,Increasing,LOW,LOW,0,,Monitor increasing demand and maintain sufficient stock.,0.0,1626.3700408935547,11.468828495553891,NORMAL
2024-01-08,S001,P0001,Toys,East,1362.9447479248047,392.0,130.97418212890625,1231.9705657958984,87.05547705145314,143.64153713489767,536.5640835216165,9.406209267895097,Increasing,LOW,LOW,0,,Monitor increasing demand and maintain sufficient stock.,0.0,1231.9705657958984,9.406209267895097,NORMAL
2024-01-08,S001,P0002,Furniture,West,1654.3369750976562,457.0,142.13595581054688,1512.2010192871094,87.0502120502266,143.6328498828739,570.0407173145145,10.639116687002995,Stable,LOW,LOW,0,,Inventory is currently within a manageable range.,0.0,1512.2010192871094,10.639116687002995,NORMAL
2024-01-08,S001,P0003,Toys,East,2060.187919616699,450.0,151.1328125,1909.0551071166992,109.84288924395752,181.24076725252988,634.6392047525298,12.631638858151332,Increasing,LOW,LOW,0,,Monitor increasing demand and maintain sufficient stock.,0.0,1909.0551071166992,12.631638858151332,NORMAL
2024-01-08,S001,P0004,Groceries,West,1579.9440307617188,500.0,135.7635498046875,1444.1804809570312,106.22189015024138,175.26611874789828,582.5567681619608,10.637468473936206,Stable,LOW,LOW,0,,Inventory is currently within a manageable range.,0.0,1444.1804809570312,10.637468473936206,NORMAL
2024-01-08,S001,P0005,Groceries,North,1334.9574432373047,409.0,165.0710906982422,1169.8863525390625,114.87713703673423,189.54727611061145,684.760548205338,7.087166793352511,Stable,LOW,LOW,0,,Inventory is currently within a manageable range.,0.0,1169.8863525390625,7.087166793352511,NORMAL
2024-01-08,S001,P0006,Electronics,North,1508.503517150879,432.0,132.72515869140625,1375.7783584594727,97.07540161072525,160.17441265769665,558.3498887319154,10.365618485778102,Stable,LOW,LOW,0,,Inventory is currently within a manageable range.,0.0,1375.7783584594727,10.365618485778102,NORMAL
2024-01-08,S001,P0007,Clothing,East,1744.4224548339844,395.0,142.9498748779297,1601.4725799560547,116.37994245268816,192.02690504693544,620.8765296807245,11.203035898587618,Increasing,LOW,LOW,0,,Monitor increasing demand and maintain sufficient stock.,0.0,1601.4725799560547,11.203035898587618,NORMAL
2024-01-08,S001,P0008,Electronics,East,1280.312889099121,431.0,107.09159851074219,1173.221290588379,87.13770042856787,143.77720570713697,465.05200123936356,10.95530654975418,Decreasing,LOW,LOW,0,,Demand is decreasing; avoid excessive ordering.,0.0,1173.221290588379,10.95530654975418,NORMAL
2024-01-08,S001,P0009,Electronics,South,2135.7891998291016,584.0,192.31959533691406,1943.4696044921875,85.14739010872877,140.49319367940245,717.4519796901446,10.105416461008721,Increasing,LOW,LOW,0,,Monitor increasing demand and maintain sufficient stock.,0.0,1943.4696044921875,10.105416461008721,NORMAL
2024-01-08,S001,P0010,Furniture,West,1708.9234161376953,392.0,149.2184295654297,1559.7049865722656,98.99422114500332,163.3404648892555,610.9957535855445,10.452495654287542,Increasing,LOW,LOW,0,,Monitor increasing demand and maintain sufficient stock.,0.0,1559.7049865722656,10.452495654287542,NORMAL
2024-01-08,S001,P0011,Electronics,West,1008.5345230102539,348.0,126.4301986694336,882.1043243408203,105.85252294469231,174.6566628587423,553.947258867043,6.97700655084142,Increasing,LOW,LOW,0,,Monitor increasing demand and maintain sufficient stock.,0.0,882.1043243408203,6.97700655084142,NORMAL
2024-01-08,S001,P0012,Electronics,East,1833.2725524902344,450.0,147.45306396484375,1685.8194885253906,104.88983260605855,173.0682237999966,615.4274156945278,11.432922742977585,Increasing,LOW,LOW,0,,Monitor increasing demand and maintain sufficient stock.,0.0,1685.8194885253906,11.432922742977585,NORMAL
2024-01-08,S001,P0013,Groceries,North,1441.2897338867188,434.0,154.48880004882812,1286.8009338378906,90.53119986031416,149.37647976951837,612.8428799160027,8.329412445634771,Stable,LOW,LOW,0,,Inventory is currently within a manageable range.,0.0,1286.8009338378906,8.329412445634771,NORMAL
2024-01-08,S001,P0014,Groceries,South,1782.3651733398438,484.0,142.71429443359375,1639.65087890625,109.9239937026234,181.3745896093286,609.5174729101099,11.489044495603729,Decreasing,LOW,LOW,0,,Demand is decreasing; avoid excessive ordering.,0.0,1639.65087890625,11.489044495603729,NORMAL
2024-01-08,S001,P0015,Electronics,East,1315.0585861206055,395.0,151.06797790527344,1163.990608215332,97.88506244435588,161.5103530331872,614.7142867490074,7.705078365086793,Stable,LOW,LOW,0,,Inventory is currently within a manageable range.,0.0,1163.990608215332,7.705078365086793,NORMAL
2024-01-08,S001,P0016,Electronics,East,2164.0887298583984,403.0,141.064697265625,2023.0240325927734,123.54066656893306,203.84209983873953,627.0361916356145,14.34110781653199,Increasing,LOW,LOW,0,,Monitor increasing demand and maintain sufficient stock.,0.0,2023.0240325927734,14.34110781653199,NORMAL
2024-01-08,S001,P0017,Toys,East,1396.8311386108398,462.0,158.2144012451172,1238.6167373657227,88.98619921534826,146.82722870532461,621.4704324406762,7.8287230973795365,Increasing,LOW,LOW,0,,Monitor increasing demand and maintain sufficient stock.,0.0,1238.6167373657227,7.8287230973795365,NORMAL
2024-01-08,S001,P0018,Electronics,East,1443.4451599121094,378.0,110.74549865722656,1332.6996612548828,74.08489338975542,122.24007409309644,454.4765700647761,12.033894626993213,Stable,LOW,LOW,0,,Inventory is currently within a manageable range.,0.0,1332.6996612548828,12.033894626993213,NORMAL
2024-01-08,S001,P0019,Clothing,West,1804.6294479370117,396.0,121.82579040527344,1682.8036575317383,102.53539200567097,169.1833968093571,534.6607680251774,13.813197122986983,Decreasing,LOW,LOW,0,,Demand is decreasing; avoid excessive ordering.,0.0,1682.8036575317383,13.813197122986983,NORMAL
2024-01-08,S001,P0020,Electronics,South,1758.103256225586,446.0,134.75201416015625,1623.3512420654297,104.95196684157636,173.17074528860098,577.4267877690697,12.046953451367598,Stable,LOW,LOW,0,,Inventory is currently within a manageable range.,0.0,1623.3512420654297,12.046953451367598,NORMAL
2024-01-08,S002,P0001,Clothing,East,1296.669334411621,459.0,142.09437561035156,1154.5749588012695,102.78374071076297,169.5931721727589,595.8762990038135,8.12540928408963,Increasing,LOW,LOW,0,,Monitor increasing demand and maintain sufficient stock.,0.0,1154.5749588012695,8.12540928408963,NORMAL
2024-01-08,S002,P0002,Groceries,North,1383.0047607421875,446.0,141.54983520507812,1241.4549255371094,81.75077463510148,134.88877814791744,559.5382837631519,8.770444160097277,Increasing,LOW,LOW,0,,Monitor increasing demand and maintain sufficient stock.,0.0,1241.4549255371094,8.770444160097277,NORMAL
2024-01-08,S002,P0003,Clothing,South,1387.7523574829102,260.0,131.1182403564453,1256.6341171264648,103.66630301574557,171.04939997598018,564.4041210453161,9.58397636904142,Stable,LOW,LOW,0,,Inventory is currently within a manageable range.,0.0,1256.6341171264648,9.58397636904142,NORMAL
2024-01-08,S002,P0004,Toys,West,1717.7649841308594,464.0,156.56312561035156,1561.2018585205078,85.90362355385564,141.74097886386178,611.4303556949164,9.971708551641774,Increasing,LOW,LOW,0,,Monitor increasing demand and maintain sufficient stock.,0.0,1561.2018585205078,9.971708551641774,NORMAL
2024-01-08,S002,P0005,Toys,West,1227.0885543823242,466.0,119.27076721191406,1107.8177871704102,101.80318053055889,167.97524787542216,525.7875495111643,9.288259085330585,Decreasing,LOW,LOW,0,,Demand is decreasing; avoid excessive ordering.,0.0,1107.8177871704102,9.288259085330585,NORMAL
2024-01-08,S002,P0006,Toys,East,1781.2705078125,465.0,118.45838928222656,1662.8121185302734,100.60241826540036,165.99399013791057,521.3691579845903,14.037098837876576,Decreasing,LOW,LOW,0,,Demand is decreasing; avoid excessive ordering.,0.0,1662.8121185302734,14.037098837876576,NORMAL
2024-01-08,S002,P0007,Toys,West,2759.2031478881836,273.0,174.86090087890625,2584.3422470092773,138.1213857292461,227.90028645325606,752.4829890899748,14.779417434198011,Increasing,LOW,LOW,0,,Monitor increasing demand and maintain sufficient stock.,0.0,2584.3422470092773,14.779417434198011,NORMAL
2024-01-08,S002,P0008,Furniture,North,1756.1480865478516,381.0,151.33352661132812,1604.8145599365234,119.96491440346502,197.94210876571728,651.9426885997017,10.604487953671956,Increasing,LOW,LOW,0,,Monitor increasing demand and maintain sufficient stock.,0.0,1604.8145599365234,10.604487953671956,NORMAL
2024-01-08,S002,P0009,Electronics,North,2297.9393463134766,372.0,138.8036346435547,2159.135711669922,122.06247858063786,201.40308965805247,617.8139935887166,15.555325458260114,Stable,LOW,LOW,0,,Inventory is currently within a manageable range.,0.0,2159.135711669922,15.555325458260114,NORMAL
2024-01-08,S002,P0010,Toys,West,1324.5704879760742,396.0,134.9772186279297,1189.5932693481445,128.312835922342,211.7161792718643,616.6478351556534,8.813289245700846,Decreasing,LOW,LOW,0,,Demand is decreasing; avoid excessive ordering.,0.0,1189.5932693481445,8.813289245700846,NORMAL
2024-01-08,S002,P0011,Groceries,West,2046.3776397705078,479.0,129.52793884277344,1916.8497009277344,92.53927380181452,152.68980177299395,541.2736183013143,14.798735454707487,Stable,LOW,LOW,0,,Inventory is currently within a manageable range.,0.0,1916.8497009277344,14.798735454707487,NORMAL
2024-01-08,S002,P0012,Electronics,North,1706.3865966796875,377.0,122.85852813720703,1583.5280685424805,110.48854952763014,182.30610672058972,550.8816911322108,12.889036622463962,Stable,LOW,LOW,0,,Inventory is currently within a manageable range.,0.0,1583.5280685424805,12.889036622463962,NORMAL
2024-01-08,S002,P0013,Electronics,South,1220.3445129394531,375.0,148.5629425048828,1071.7815704345703,112.78407989272544,186.09373182299697,631.7825593376454,7.214326482523353,Increasing,LOW,LOW,0,,Monitor increasing demand and maintain sufficient stock.,0.0,1071.7815704345703,7.214326482523353,NORMAL
2024-01-08,S002,P0014,Clothing,West,1516.672119140625,397.0,150.4193878173828,1366.2527313232422,105.08073867370575,173.38321881161448,624.6413822637629,9.082956333939785,Decreasing,LOW,LOW,0,,Demand is decreasing; avoid excessive ordering.,0.0,1366.2527313232422,9.082956333939785,NORMAL
2024-01-08,S002,P0015,Toys,South,1452.2234115600586,514.0,147.82940673828125,1304.3940048217773,98.40293474352055,162.36484232680888,605.8530625416527,8.823643641694986,Stable,LOW,LOW,0,,Inventory is currently within a manageable range.,0.0,1304.3940048217773,8.823643641694986,NORMAL
2024-01-08,S002,P0016,Toys,North,1796.7099151611328,468.0,162.2173309326172,1634.4925842285156,113.86576033058127,187.8785045454591,674.5304973433107,10.075943025517175,Increasing,LOW,LOW,0,,Monitor increasing demand and maintain sufficient stock.,0.0,1634.4925842285156,10.075943025517175,NORMAL
2024-01-08,S002,P0017,Toys,East,1757.39306640625,408.0,130.22842407226562,1627.1646423339844,122.31953557412153,201.82723369730053,592.5125059140973,12.494696560491644,Increasing,LOW,LOW,0,,Monitor increasing demand and maintain sufficient stock.,0.0,1627.1646423339844,12.494696560491644,NORMAL
2024-01-08,S002,P0018,Groceries,East,2060.2105407714844,417.0,132.50930786132812,1927.7012329101562,121.35236092736515,200.2313955301525,597.7593191141368,14.547666605635797,Stable,LOW,LOW,0,,Inventory is currently within a manageable range.,0.0,1927.7012329101562,14.547666605635797,NORMAL
2024-01-08,S002,P0019,Furniture,West,1225.4236221313477,402.0,140.53639221191406,1084.8872299194336,106.13894756627367,175.12926348435155,596.7384401200937,7.719617764796025,Stable,LOW,LOW,0,,Inventory is currently within a manageable range.,0.0,1084.8872299194336,7.719617764796025,NORMAL
2024-01-08,S002,P0020,Groceries,East,1710.138542175293,550.0,167.63455200195312,1542.5039901733398,97.39889616184041,160.70817866703666,663.6118346728961,9.201587451704873,Stable,LOW,LOW,0,,Inventory is currently within a manageable range.,0.0,1542.5039901733398,9.201587451704873,NORMAL
2024-01-08,S003,P0001,Clothing,West,1783.7147064208984,450.0,128.33676147460938,1655.377944946289,87.2815792368245,144.0146057407604,529.0248901645886,12.898704361289305,Stable,LOW,LOW,0,,Inventory is currently within a manageable range.,0.0,1655.377944946289,12.898704361289305,NORMAL
2024-01-08,S003,P0002,Groceries,South,1653.8467559814453,548.0,163.20925903320312,1490.6374969482422,106.09983319107813,175.0647247652789,664.6925018648883,9.13329002152377,Stable,LOW,LOW,0,,Inventory is currently within a manageable range.,0.0,1490.6374969482422,9.13329002152377,NORMAL
2024-01-08,S003,P0003,Groceries,North,1996.2777252197266,427.0,139.27401733398438,1857.0037078857422,99.91591041190163,164.8612521796377,582.6833041815908,13.33345403136162,Increasing,LOW,LOW,0,,Monitor increasing demand and maintain sufficient stock.,0.0,1857.0037078857422,13.33345403136162,NORMAL
2024-01-08,S003,P0004,Groceries,North,1316.7846374511719,483.0,143.7358856201172,1173.0487518310547,99.6111155374958,164.35834063686806,595.5659974972197,8.161140460993378,Increasing,LOW,LOW,0,,Monitor increasing demand and maintain sufficient stock.,0.0,1173.0487518310547,8.161140460993378,NORMAL
2024-01-08,S003,P0005,Electronics,West,1273.3087158203125,408.0,155.40225219726562,1117.9064636230469,95.25484475729016,157.17049384952875,623.3772504413256,7.193631030546396,Stable,LOW,LOW,0,,Inventory is currently within a manageable range.,0.0,1117.9064636230469,7.193631030546396,NORMAL
2024-01-08,S003,P0006,Furniture,North,1185.0865783691406,441.0,164.39251708984375,1020.6940612792969,100.44474513580502,165.73382947407828,658.9113807436095,6.208883952555258,Stable,LOW,LOW,0,,Inventory is currently within a manageable range.,0.0,1020.6940612792969,6.208883952555258,NORMAL
2024-01-08,S003,P0007,Electronics,North,1715.5714721679688,304.0,118.99217987060547,1596.5792922973633,79.51629562448989,131.2018877804083,488.1784273922247,13.417514445348562,Stable,LOW,LOW,0,,Inventory is currently within a manageable range.,0.0,1596.5792922973633,13.417514445348562,NORMAL
2024-01-08,S003,P0008,Furniture,North,2002.9034957885742,437.0,159.63323974609375,1843.2702560424805,110.1871183859577,181.8087453368302,660.7084645751115,11.546907517346089,Increasing,LOW,LOW,0,,Monitor increasing demand and maintain sufficient stock.,0.0,1843.2702560424805,11.546907517346089,NORMAL
2024-01-08,S003,P0009,Furniture,South,863.1808319091797,379.0,127.67230987548828,735.5085220336914,101.71577658529283,167.83103136573317,550.8479609921981,5.760908710361644,Increasing,LOW,LOW,0,,Monitor increasing demand and maintain sufficient stock.,0.0,735.5085220336914,5.760908710361644,NORMAL
2024-01-08,S003,P0010,Furniture,East,1426.0242156982422,445.0,146.85377502441406,1279.1704406738281,120.3331354700919,198.54967352565163,639.1109985988938,8.710504312614159,Decreasing,LOW,LOW,0,,Demand is decreasing; avoid excessive ordering.,0.0,1279.1704406738281,8.710504312614159,NORMAL
2024-01-08,S003,P0011,Toys,West,1875.345359802246,445.0,155.230712890625,1720.114646911621,114.48150886940594,188.8944896345198,654.5866283063948,11.0810200821767,Increasing,LOW,LOW,0,,Monitor increasing demand and maintain sufficient stock.,0.0,1720.114646911621,11.0810200821767,NORMAL
2024-01-08,S003,P0012,Clothing,North,2080.6253509521484,394.0,132.39105224609375,1948.2342987060547,103.35321749291391,170.53280886330793,567.7059656015892,14.71575507296822,Stable,LOW,LOW,0,,Inventory is currently within a manageable range.,0.0,1948.2342987060547,14.71575507296822,NORMAL
2024-01-08,S003,P0013,Groceries,West,1347.7900848388672,433.0,125.03363800048828,1222.756446838379,87.22054391267737,143.91389745591766,519.0148114573825,9.779419893657767,Stable,LOW,LOW,0,,Inventory is currently within a manageable range.,0.0,1222.756446838379,9.779419893657767,NORMAL
2024-01-08,S003,P0014,Electronics,West,2149.9945220947266,694.0,142.71914672851562,2007.275375366211,121.26216733801697,200.082576107728,628.2400162932748,14.064513566525918,Stable,LOW,LOW,0,,Inventory is currently within a manageable range.,0.0,2007.275375366211,14.064513566525918,NORMAL
2024-01-08,S003,P0015,Clothing,East,1541.463363647461,429.0,143.27658081054688,1398.186782836914,90.29437454279238,148.98571799560742,578.815460427248,9.758655426637532,Stable,LOW,LOW,0,,Inventory is currently within a manageable range.,0.0,1398.186782836914,9.758655426637532,NORMAL
2024-01-08,S003,P0016,Furniture,East,1912.7273330688477,427.0,148.58200073242188,1764.1453323364258,107.05690026420478,176.64388543593788,622.3898876332034,11.873210238388411,Stable,LOW,LOW,0,,Inventory is currently within a manageable range.,0.0,1764.1453323364258,11.873210238388411,NORMAL
2024-01-08,S003,P0017,Clothing,North,1719.3170852661133,415.0,136.83932495117188,1582.4777603149414,105.80327032082708,174.57539602936467,585.0933708828803,11.564495519687883,Stable,LOW,LOW,0,,Inventory is currently within a manageable range.,0.0,1582.4777603149414,11.564495519687883,NORMAL
2024-01-08,S003,P0018,Electronics,North,1297.9747314453125,295.0,130.41619873046875,1167.5585327148438,130.71395321899482,215.67802281134144,606.9266190027477,8.9525576123242,Stable,LOW,LOW,0,,Inventory is currently within a manageable range.,0.0,1167.5585327148438,8.9525576123242,NORMAL
2024-01-08,S003,P0019,Electronics,West,1639.5136108398438,444.0,148.85157775878906,1490.6620330810547,107.17726872437518,176.84249339521904,623.3972266715862,10.014418762135273,Stable,LOW,LOW,0,,Inventory is currently within a manageable range.,0.0,1490.6620330810547,10.014418762135273,NORMAL
2024-01-08,S003,P0020,Groceries,West,1283.6006317138672,475.0,135.97512817382812,1147.625503540039,85.75626837810496,141.49784282387319,549.4232273453575,8.439966330261043,Decreasing,LOW,LOW,0,,Demand is decreasing; avoid excessive ordering.,0.0,1147.625503540039,8.439966330261043,NORMAL
2024-01-08,S004,P0001,Electronics,East,1305.059585571289,425.0,120.76992797851562,1184.2896575927734,125.43566406770375,206.9688457117112,569.2786296472581,9.806163483043997,Decreasing,LOW,LOW,0,,Demand is decreasing; avoid excessive ordering.,0.0,1184.2896575927734,9.806163483043997,NORMAL
2024-01-08,S004,P0002,Furniture,West,1793.1714706420898,432.0,149.37051391601562,1643.8009567260742,117.93716379146399,194.59632025591557,642.7078620039624,11.004855735117241,Increasing,LOW,LOW,0,,Monitor increasing demand and maintain sufficient stock.,0.0,1643.8009567260742,11.004855735117241,NORMAL
2024-01-08,S004,P0003,Furniture,West,1235.500747680664,390.0,166.65890502929688,1068.8418426513672,108.19576124471213,178.523006053775,678.4997211416656,6.413349724477525,Increasing,LOW,LOW,0,,Monitor increasing demand and maintain sufficient stock.,0.0,1068.8418426513672,6.413349724477525,NORMAL
2024-01-08,S004,P0004,Furniture,South,2162.574691772461,430.0,133.27285766601562,2029.3018341064453,94.21973501134711,155.46256276872273,555.2811357667696,15.226670078553543,Stable,LOW,LOW,0,,Inventory is currently within a manageable range.,0.0,2029.3018341064453,15.226670078553543,NORMAL
2024-01-08,S004,P0005,Toys,East,1745.5083465576172,463.0,157.47842407226562,1588.0299224853516,101.11177611851782,166.8344305955544,639.2697028123513,10.084111089126832,Increasing,LOW,LOW,0,,Monitor increasing demand and maintain sufficient stock.,0.0,1588.0299224853516,10.084111089126832,NORMAL
2024-01-08,S004,P0006,Toys,East,1295.26513671875,391.0,161.58033752441406,1133.684799194336,100.29202730397238,165.48184505155442,650.2228576247966,7.016229923539065,Increasing,LOW,LOW,0,,Monitor increasing demand and maintain sufficient stock.,0.0,1133.684799194336,7.016229923539065,NORMAL
2024-01-08,S004,P0007,Electronics,South,1772.6930847167969,451.0,160.98971557617188,1611.703369140625,103.75981498802513,171.20369473024144,654.172841458757,10.011219433318718,Increasing,LOW,LOW,0,,Monitor increasing demand and maintain sufficient stock.,0.0,1611.703369140625,10.011219433318718,NORMAL
2024-01-08,S004,P0008,Furniture,West,1290.5178756713867,445.0,136.9212646484375,1153.5966110229492,123.72212421860539,204.14150496069888,614.9052989060114,8.425255302636542,Decreasing,LOW,LOW,0,,Demand is decreasing; avoid excessive ordering.,0.0,1153.5966110229492,8.425255302636542,NORMAL
2024-01-08,S004,P0009,Clothing,East,1834.9037628173828,349.0,152.67990112304688,1682.223861694336,125.70438047196791,207.41222777874705,665.4519311478876,11.01797845898923,Increasing,LOW,LOW,0,,Monitor increasing demand and maintain sufficient stock.,0.0,1682.223861694336,11.01797845898923,NORMAL
2024-01-08,S004,P0010,Toys,North,1372.2042999267578,410.0,156.8081817626953,1215.3961181640625,105.30693360149778,173.75644044247133,644.1809857305573,7.75084631746687,Increasing,LOW,LOW,0,,Monitor increasing demand and maintain sufficient stock.,0.0,1215.3961181640625,7.75084631746687,NORMAL
2024-01-08,S004,P0011,Groceries,East,1768.9216690063477,420.0,175.43138122558594,1593.4902877807617,99.84556196139238,164.74517723629742,691.0393209130552,9.083268208050555,Increasing,LOW,LOW,0,,Monitor increasing demand and maintain sufficient stock.,0.0,1593.4902877807617,9.083268208050555,NORMAL
2024-01-08,S004,P0012,Clothing,East,1912.1157836914062,403.0,130.11732482910156,1781.9984588623047,87.52913347194296,144.42307022870588,534.7750447160106,13.695320444090083,Stable,LOW,LOW,0,,Inventory is currently within a manageable range.,0.0,1781.9984588623047,13.695320444090083,NORMAL
2024-01-08,S004,P0013,Electronics,West,1904.8865051269531,223.0,137.51744079589844,1767.3690643310547,114.14107000739858,188.33276551220766,600.8850878999029,12.851963024487638,Increasing,LOW,LOW,0,,Monitor increasing demand and maintain sufficient stock.,0.0,1767.3690643310547,12.851963024487638,NORMAL
2024-01-08,S004,P0014,Furniture,South,1547.2736053466797,481.0,148.89935302734375,1398.374252319336,91.23326113051061,150.5348808653425,597.2329399473738,9.391405831444679,Stable,LOW,LOW,0,,Inventory is currently within a manageable range.,0.0,1398.374252319336,9.391405831444679,NORMAL
2024-01-08,S004,P0015,Toys,North,1888.1319732666016,453.0,133.1820068359375,1754.949966430664,69.47360657531758,114.63145084927399,514.1774713570865,13.177080058513676,Increasing,LOW,LOW,0,,Monitor increasing demand and maintain sufficient stock.,0.0,1754.949966430664,13.177080058513676,NORMAL
2024-01-08,S004,P0016,Clothing,West,1542.6984100341797,470.0,136.07870483398438,1406.6197052001953,89.63898050177067,147.9043178279216,556.1404323298748,10.336809913911711,Stable,LOW,LOW,0,,Inventory is currently within a manageable range.,0.0,1406.6197052001953,10.336809913911711,NORMAL
2024-01-08,S004,P0017,Electronics,North,1880.8196868896484,435.0,145.45355224609375,1735.3661346435547,108.11734268081042,178.3936154233372,614.7542721616185,11.93072364233139,Increasing,LOW,LOW,0,,Monitor increasing demand and maintain sufficient stock.,0.0,1735.3661346435547,11.93072364233139,NORMAL
2024-01-08,S004,P0018,Toys,North,1722.6108932495117,353.0,127.58815002441406,1595.0227432250977,86.61894290420122,142.921255791932,525.6857058651742,12.501339214651903,Stable,LOW,LOW,0,,Inventory is currently within a manageable range.,0.0,1595.0227432250977,12.501339214651903,NORMAL
2024-01-08,S004,P0019,Clothing,East,2095.839065551758,485.0,144.63624572753906,1951.2028198242188,83.20043370867828,137.28071561931915,571.1894528019363,13.490413900121755,Stable,LOW,LOW,0,,Inventory is currently within a manageable range.,0.0,1951.2028198242188,13.490413900121755,NORMAL
2024-01-08,S004,P0020,Toys,West,1760.155044555664,459.0,156.9733428955078,1603.1817016601562,109.01183737480387,179.8695316684264,650.7895603549498,10.213082502341456,Stable,LOW,LOW,0,,Inventory is currently within a manageable range.,0.0,1603.1817016601562,10.213082502341456,NORMAL
2024-01-08,S005,P0001,Toys,North,1519.789176940918,437.0,134.3992156982422,1385.3899612426758,90.09186963064411,148.6515848905628,551.8492319852894,10.308021174418172,Stable,LOW,LOW,0,,Inventory is currently within a manageable range.,0.0,1385.3899612426758,10.308021174418172,NORMAL
2024-01-08,S005,P0002,Groceries,North,1811.7244491577148,267.0,145.35983276367188,1666.364616394043,134.43337879162797,221.81507500618613,657.8945732972018,11.463721336988897,Stable,LOW,LOW,0,,Inventory is currently within a manageable range.,0.0,1666.364616394043,11.463721336988897,NORMAL
2024-01-08,S005,P0003,Furniture,South,1982.002685546875,429.0,125.6189193725586,1856.3837661743164,107.92557571854735,178.07719993560312,554.933958053279,14.777899503089044,Stable,LOW,LOW,0,,Inventory is currently within a manageable range.,0.0,1856.3837661743164,14.777899503089044,NORMAL
2024-01-08,S005,P0004,Toys,North,2033.3861236572266,448.0,168.89976501464844,1864.4863586425781,118.0719615117751,194.81873649442892,701.5180315383742,11.03901096890735,Increasing,LOW,LOW,0,,Monitor increasing demand and maintain sufficient stock.,0.0,1864.4863586425781,11.03901096890735,NORMAL
2024-01-08,S005,P0005,Toys,South,1200.4095993041992,375.0,142.34933471679688,1058.0602645874023,116.05663642008093,191.49345009313353,618.5414542435242,7.4328430595928445,Stable,LOW,LOW,0,,Inventory is currently within a manageable range.,0.0,1058.0602645874023,7.4328430595928445,NORMAL
2024-01-08,S005,P0006,Furniture,North,1112.1867294311523,398.0,127.27271270751953,984.9140167236328,120.61230468873416,199.01030273641135,580.82844085897,7.738611017013721,Stable,LOW,LOW,0,,Inventory is currently within a manageable range.,0.0,984.9140167236328,7.738611017013721,NORMAL
2024-01-08,S005,P0007,Groceries,South,2017.955078125,349.0,145.24082946777344,1872.7142486572266,98.46388965573911,162.4654179319695,598.1879063352899,12.89385536780311,Increasing,LOW,LOW,0,,Monitor increasing demand and maintain sufficient stock.,0.0,1872.7142486572266,12.89385536780311,NORMAL
2024-01-08,S005,P0008,Electronics,West,1144.9498748779297,384.0,129.3975067138672,1015.5523681640625,119.66797098816075,197.4521521304652,585.6446722720668,7.8483148087986185,Decreasing,LOW,LOW,0,,Demand is decreasing; avoid excessive ordering.,0.0,1015.5523681640625,7.8483148087986185,NORMAL
2024-01-08,S005,P0009,Furniture,North,1485.8753662109375,372.0,163.56175231933594,1322.3136138916016,96.30149965591832,158.89747443226523,649.582731390273,8.084491607242828,Increasing,LOW,LOW,0,,Monitor increasing demand and maintain sufficient stock.,0.0,1322.3136138916016,8.084491607242828,NORMAL
2024-01-08,S005,P0010,Toys,North,1559.7189636230469,414.0,147.96600341796875,1411.7529602050781,123.69066104451714,204.08959072345328,647.9876009773595,9.541062998215962,Stable,LOW,LOW,0,,Inventory is currently within a manageable range.,0.0,1411.7529602050781,9.541062998215962,NORMAL
2024-01-08,S005,P0011,Groceries,North,1896.8917770385742,458.0,148.2306365966797,1748.6611404418945,96.82160544229414,159.75564897978532,604.4475587698244,11.796894222345017,Stable,LOW,LOW,0,,Inventory is currently within a manageable range.,0.0,1748.6611404418945,11.796894222345017,NORMAL
2024-01-08,S005,P0012,Electronics,North,1035.1878204345703,353.0,129.99267578125,905.1951446533203,110.22590439638044,181.8727422540277,571.8507695977777,6.963431895013616,Decreasing,LOW,LOW,0,,Demand is decreasing; avoid excessive ordering.,0.0,905.1951446533203,6.963431895013616,NORMAL
2024-01-08,S005,P0013,Electronics,West,1327.6707153320312,545.0,139.6092071533203,1188.061508178711,112.72117588130233,185.98994020414884,604.8175616641098,8.509907995351403,Stable,LOW,LOW,0,,Inventory is currently within a manageable range.,0.0,1188.061508178711,8.509907995351403,NORMAL
2024-01-08,S005,P0014,Toys,West,1513.8745574951172,424.0,147.97911071777344,1365.8954467773438,114.04554460120852,188.17514859199406,632.1124807453143,9.2303260923252,Stable,LOW,LOW,0,,Inventory is currently within a manageable range.,0.0,1365.8954467773438,9.2303260923252,NORMAL
2024-01-08,S005,P0015,Furniture,North,1342.7516784667969,370.0,140.02392578125,1202.7277526855469,102.78013725305398,169.58722646753907,589.659003811289,8.58944459652194,Decreasing,LOW,LOW,0,,Demand is decreasing; avoid excessive ordering.,0.0,1202.7277526855469,8.58944459652194,NORMAL
2024-01-08,S005,P0016,Furniture,East,2045.5858306884766,441.0,135.04307556152344,1910.5427551269531,96.57560023549718,159.34974038857032,564.4789670731407,14.147654347938342,Increasing,LOW,LOW,0,,Monitor increasing demand and maintain sufficient stock.,0.0,1910.5427551269531,14.147654347938342,NORMAL
2024-01-08,S005,P0017,Toys,North,1537.4190979003906,460.0,141.3790740966797,1396.040023803711,96.2129678639277,158.7513969754807,582.8886192655198,9.874445937091458,Increasing,LOW,LOW,0,,Monitor increasing demand and maintain sufficient stock.,0.0,1396.040023803711,9.874445937091458,NORMAL
2024-01-08,S005,P0018,Clothing,West,1613.6433868408203,447.0,138.1627655029297,1475.4806213378906,100.06343887225644,165.1046741392231,579.5929706480122,10.679292760006339,Stable,LOW,LOW,0,,Inventory is currently within a manageable range.,0.0,1475.4806213378906,10.679292760006339,NORMAL
2024-01-08,S005,P0019,Toys,East,1467.5177383422852,409.0,159.06321716308594,1308.4545211791992,100.38631069852788,165.637412652571,642.8270641418288,8.226003123259186,Stable,LOW,LOW,0,,Inventory is currently within a manageable range.,0.0,1308.4545211791992,8.226003123259186,NORMAL
2024-01-08,S005,P0020,Groceries,East,2077.3700408935547,451.0,134.9450225830078,1942.4250183105469,110.69990775388919,182.65484779391716,587.4899155429406,14.39419536289837,Stable,LOW,LOW,0,,Inventory is currently within a manageable range.,0.0,1942.4250183105469,14.39419536289837,NORMAL
